"","vtitle","vpoint","vreview"
"1","더 배트맨","4","스토리도 존나 구리고 단순한데 웅장브금깔고 깊이있는척 개똥폼만 잡음 더 배트맨은 다크나이트랑 조커가 밉다!"
"2","킨: 더 비기닝","9","기대이상이네요후속이 많이 기대됩니다"
"3","변산","10","역시나 박정민이네요다방면에 끼가 ...다른배우들 사투리연기도 넘 자연스러웠어요울다,웃다 넘 잘봤어요"
"4","이스케이프 플랜","10","소재 괜찮고 추억 보정 + 팬심만으로도 충분히 좋은 영화"
"5","드라이브 마이 카","3","연극 안좋아하는 사람은 비추"
"6","뜨거운 피","6","메가박스 영화관 상영프로젝터 문제인지 영화 촬영자체가 문제인지 초반 바닷가 장면은 역광도 심할뿐더러 배우들 얼굴조차 제대로 보이질 않음 촬영감독이 문제인지 색보정의 문제인지 보는내내 너무 불편함 (이게 연출이라면 할말없음)가끔 너무 빠른 컷 때문에 장면을 인식할 수 없는 편집 (2~3개정도)액션씬의 카메라 무빙은 가히 최악임.. 카메라워킹,카메라 롤링현상이 있는건지"
"7","이상한 나라의 수학자","10","후반에 너무 급작스럽게 다른 방향으로 극이 전개가 되긴 하지만, 최민식 배우님의 대사를 통해 대입 입시 두 번 그리고 공시까지 수험생 생활로 지친 저에게 큰 위로였고, 또 다시 나아갈 용기를 낼 수 있게 해주어서 그것만으로도 영화 본 의미는 충분했습니다. 코로나 이후로 단조로운 일상에 미디어에서는 자극적인 연출과 요소를 넣는 요즘 그 자극에도 질려있었는데 간만에 마음이 따뜻해지는 경험을 했습니다. 좋은 연기해주신 배우분들께 감사드리며, 이런류의 영화가 더 많아졌으면 좋겠습니다.혐오와 자극적인 것들 투성이인 미디어와 일상에 지치신 분께 감히 권유 드려봅니다.오랜만에 어렵게 영화관에 걸음 했는데 참 잘했다는 생각이 듭니다."
"8","벨파스트","10","케네스 브레너의 연출은 날로 대단하네요!"
"9","지. 아이. 제인","10","힘들때 용기를 주는 영화"
"10","뜨거운 피","6","언제까지 이런 영화가 나오는걸까"
"11","뜨거운 피","2","3식구 보다가 나왔음, 우리는 지루 하다는 공통 생각였음,"
"12","듄","8","느릿느릿 묵직묵직의 미학. 간만에 보는 웰메이드SF"
"13","한니발","4","여주땜에 다 망치네 핵발암 캐릭..스토리도 그닥 스릴하진 않았다 그냥 이래저래 그러한 영화"
"14","뜨거운 피","8","건달이 간지나고 남자답다 이런걸 보여주지 않고, 더러운 삶을 살아가는 사람의 불안감 헛헛함을 다뤄서 좋았음.  정우 연기가 대단함."
"15","신비한 동물사전","10","굿"
"16","더 배트맨","4","감독은 배트맨이 무슨 캐릭터인지 전혀 모른다. 재해석이라고 봐주기엔 너무나 기본적인 설정조차 무시했다. 항시 어둠속을 배회하고 빌런들에게 공포의 심볼이 되고자 했던 배트맨이, 배트맨 영화중 분위기를 가장 어둡게 한 영화에 등장한 배트맨이 손전등을 쓴다 ? 그 모습 보자마자 몰입이 확 깨져서 더 이상 집중이 안됨 그래서 알프레드와 캣우먼의 역할이 어떤지는 깔 가치조차 느끼기 힘듦. 단 색감이나 빛을 활용한 연출 및 액션은 좋았으나 , 이 감독은 배트맨이 어떤캐릭터 인지 1도모르고 리들러에게 매력을 느껴 배트맨을 만들었지 않나 싶다"
"17","뜨거운 피","10","굿"
"18","이상한 나라의 수학자","10","굿"
"19","벨파스트","7","플롯이 없고 포인트마다 연출력이 부족.이야기 자체는 괜찮은데 재미있게 풀지 못함."
"20","뜨거운 피","6","느와르 영화라고 해서 기대했는데 하아... 스토리도 너무 복잡한데 연출이 어설픈 탓에 긴장감을 느끼고 반전에 놀라야 할 부분에서도 지루함을 느낄 수밖에 없었다. 이 영화에 비하면 강릉은 마스터피스... ㅠ_ㅠ 배우들의 연기가 너무 좋아서 연출이 아쉽고 또 아쉽다. 정우, 최무성, 김갑수 배우님 별점 6개밖에 못 드려서 넘넘 죄송해요. 당신들의 연기로만 한다면 8점 이상 드릴 텐데... ㅠㅠ"
"21","루카","10","바질페스토 먹고 싶어지는"
"22","더 배트맨","4","길고 지루하게 느껴졌다"
"23","캐리비안의 해적: 낯선 조류","6","그리 위협적이지 않은 악당"
"24","히트","10","한국에서는 절대 만들수 없는 영화!각 캐릭터의 스트리와 개성이 돋보이는"
"25","상실의 시대","4","원작이 하루키라고?"
"26","뜨거운 피","10","정말 재미있게 봤습니다간만에 집중해서 본 영화 입니다나오시는 분들 연기가 장난아니네요강추"
"27","라푼젤","8","디즈니가 다시한번 탑(TOP)으로 뛰어 들다!"
"28","리코리쉬 피자","8","PTA 니까 만들 수 있는 조금은 정신나간 군상극"
"29","뜨거운 피","10","한국 영화 중 최고였다. 정우도 좋은데 지승현은 더 좋아. 철진아 다음생에는 우리 우정으로 만나지 말고 돈많고 빽 있는 아버지 밑에서 만나자. 희수야, 너가 모르는게 있다. 아버지는 힘이 없어. 코로나 때문에 명작이 이렇게 묻히네요. 3천원에도 볼 수 있는데 관람객 텅텅 빈게 너무 아쉬워요. 그냥 복수와 배신, 칼 찌르는게 난무하는 그런 깡패영화 아닙니다. 정우...여잔데 왜이리 빠져들까요."
"30","이상한 나라의 수학자","10","최민식의 연기는 진부함을 예술로"
"31","이상한 나라의 수학자","8","소재의 신박함, 연기는 매우 완벽.디테일함의 개연성 부족과 한국 특유의 신파가 너무 아쉽다."
"32","용의자X","10","감동대박. 왜 이걸 이제야봤을까.여성감독님이 찍으셨네요~ 이런 영화 또 기대해봅니다. 강추합니다."
"33","메리 미","7","가끔은 이런 것도 괜찮겠지."
"34","캐스트 어웨이","10","굿굿재밌다.그리고 이거 실제라던데 진짜 어떻게 그렇게 살수있지. 아그리고 진짜 감동적임.얼마나 외로웠으면 배구공을 친구로 삼았을까."
"35","고양이: 죽음을 보는 두 개의 눈","4","그여주친구가 너무인성이별로다"
"36","스펜서","7","크리스틴 스튜어트의 연기가 인상적임!"
"37","더 배트맨","9","그 특유의 분위기가 있습니다... 확실히 음향과 더불어 초반부터 딱 빠져들게 만드는.. 그런 분위기가 있어요..일단 지금 까지의 배트맨과는 분명 달랐지만, 사람마다 호불호가 조금은 있을 것만 같은 느낌입니다..아마 차기작을 염두에 둔 만큼, 다음이 더 기대되는 영화인 것 같습니다."
"38","해적: 도깨비 깃발","4","그 칼관통했는데 산건뭐임?"
"39","몬태나","5","호스타일 뜻. '적대적인'"
"40","게이샤의 추억","7","영화의 전반적 분위기, 주제나 소재 그리고 인물등등 매력이 참 넘치는 영화입니다. 다만 일본을 상징하는 게이샤를 기반으로 하는 영화가 등장인물들이 모두 영어를 쓰고 주인공들이 일본인이 아닌 중국배우들이라는 점도 분명 큰 오점으로 다가옵니다. 일본영화나 드라마를 많이 보는 사람들은 아마도 이 영화에서 '일본 그 자체'를 느끼긴 어려울거에요. 몰입해서 봤지만 동시에 일본이 70%정도 밖에 안느껴지는 매우 아쉬운 작품입니다."
"41","킹 리차드","8","아무리 뻔해도 이런 이야기가 계속 나와줬으면 좋겠다."
"42","헌터 킬러","10","설정 자체는 현실성 없지만 감상하는데 큰 문제는 없고.등장하는 군사무기와 활용은 보기 드물게 사실적이고 멋지다.긴장감, 박진감 넘치는 영상미, 짜임새 있는 스토리로 시간 가는 줄 모르고 보게 된 수작. 블루레이 영상, 음향은 레퍼런스 급이다."
"43","매미소리","10",""
"44","스파이더맨: 노 웨이 홈","10","아이언맨 주니어에서 진정한 영웅 스파이더맨으로의 탄생...."
"45","뜨거운 피","10","다들 연기가 미쳤어요!! 재밌게 봤습니다만 대사가 살짝 안들려서 아쉽습니다"
"46","이상한 나라의 수학자","9","뭉클한 감동 느껴지고 좋았어요"
"47","뜨거운 피","2","의미도 없고 재미도 없다"
"48","해적: 도깨비 깃발","1","여기 캐스팅 누가했슴??ㅋㅋㅋㅋ 한효주랑 그 남주? 역할도 정말 안어울림! 그러니 연기도 다 어색하고  참고보기도 힘듬"
"49","스펜서","7","다이애나가 행복해졌으면 좋겠는데.. 이미 결말을 알고 있다"
"50","뜨거운 피","8","느와르물에 플롯도 괜찮다다만 왜 영화 바람이 떠오르는가는 모르겠다."
"51","악녀","1","겉멋든영화조미료 때려넣은 음식같은 텁텁함난 영~별로"
"52","악녀","1","겉멋든영화조미료 때려넣은 음식같은 텁텁함난 영~별로"
"53","극장판 주술회전 0","2","알바랑 블로거에 돈 많이썼네요....후회할구 딴거 보셔요ㅠㅜ"
"54","뜨거운 피","8","정우 연기 좋았습니다.재미있게봤어요"
"55","조커","10","정신병자는 건드리는게 아님"
"56","나비 효과","10","돌아가고 싶은 그때, 고치고 싶은 인생의 한부분. 그 인생의 한 부분이, 한마디의 말들이 미래의 나와 주변 인물들에게 영향을 끼치게 될 지 상상해보게 만들어주는 영화."
"57","뜨거운 피","10","정우의 연기와 스토리의 탄탄함이 좋았어요 기대이상으로 재미있었습니다~~"
"58","다만, 널 사랑하고 있어","10","거짓말 아닌데.정말 널 사랑하고 있어."
"59","하늘의 푸르름을 아는 사람이여","10","눈물 줄줄... 노래 나오면서 하늘 신노랑 날 때 미칠 뻔 ㅠㅠ"
"60","극장판 금빛 모자이크: 땡큐!!","5","교토 수학여행신은 괜찮은데 스토리가 진행될수록 오글거림은 좀..."
"61","뜨거운 피","10","간만에 영화관에서 시간가는줄 모르고 본 영화"
"62","킹 리차드","8","실화를 바탕으로 해서 그런지 더 좋네여."
"63","불한당: 나쁜 놈들의 세상","6","어째 모든 캐릭터들이 맥아리가 없어."
"64","만남의 광장","2","북 찬양 모지리 영화   한심하다"
"65","리디밍 러브","7","남주의 지고지순한 사랑과 불쌍한 여주의 갱생기랄까!?"
"66","이상한 나라의 수학자","6","최민식 배우님 때문에 본..그거 빼면ㅜㅜ"
"67","뜨거운 피","2","신세계느낌 느와르 영화인줄 봤다가이렇게 재미없을 수 있구나란 신세계를 경험함"
"68","라이언 일병 구하기","10",""
"69","스펜서","8","크리스틴 연기가 좋았습니다."
"70","뜨거운 피","10","배우들 연기 정말 좋네요 재밌게 봤습니다^^"
"71","뜨거운 피","8","정우의 연기에 다시 한 번 감동 배우들 연기 찌리네요"
"72","히트","10","총기덕후들의 바이블 총기좋아하면 꼭 보자"
"73","스펜서","8","크리스틴 스튜어드 미친 연기..."
"74","우리가 사랑이라고 믿는 것","8","누구 한 사람만의 잘못은 아니기에 슬픔을 이겨내고 모두가 행복하길..."
"75","언차티드","6","피터가 보이는건 다들똑같나봄"
"76","스펜서","10","보면서 다이애나비가 시종일관 숨막혀하고 불안해하고 하는데 보는사람까지 불편해지더라구요~이 영화를보고 다이애나비에 대해 궁금해서 찾아봤어요"
"77","극장판 주술회전 0","6","재밌습니다"
"78","해적: 도깨비 깃발","1","Oh no thats nono"
"79","하늘의 푸르름을 아는 사람이여","9","볼만합니다 감동도 적절하고"
"80","뜨거운 피","7","배우 연기가 좋았습니다."
"81","뜨거운 피","10","정우님땜에 봤는데 역시  다른 씬스틸러배우님들 다 나오셔서 명연기를 실감나게 하셔서 배우님들땜에 좋았어요보면서 든 생각은 정말멋있지만 범죄자에게 서사를주어서는 안된다는생각?이들었어요 근데 진짜 재밌게 봤어요"
"82","옥자","10","이 세상 모든 돼지들에게 바칩니다...ㅠㅠ"
"83","뜨거운 피","1","주인공 연기력빼면 볼것없음.ㅈㄴ 식상한 깡패들 스토리 아미 죽기 전 - 아미 죽기 후 로 나뉨 .아미 죽기전엔 그냥 조용히 눈감고 자도됨.죽은 후 그나마 내용 흥미진진하게 돌아감. 그마저도 급속도로 전개됨,이 영화가 왜 1위인지 의문임.중국덕에 1위 차지한듯 ."
"84","발신제한","2","스토리라인이 너무 허접하고 어거지설정...안본눈 사고싶습니다."
"85","뜨거운 피","10","믿고보는 배우들밑바닥 질펀한 인생들의 욕망간만에 한국형 느와르"
"86","듄","6","2시간짜리 티저광고...!"
"87","문폴","9","다들 욕해서 그러는데 이정도면 충분히 재밌다고 할 수 있음"
"88","라스베가스를 떠나며","10","스무살때 개봉한 영화 96년도 극장에서 보다가 잘이해를 못하고 뛰쳐나옴. 그로부터 20년이 지나 인생이 만만치 않다는걸 알게된 나이에 다시 봤을때 왜 이영화를 사람들이 명작으로 이야기하고니콜라스케이지를 명배우라고 하는지 알게되었다. 영화를 보는내내 펑펑울었다. 근데 96년도에 이영화를 좋은영화라고 추천한 비슷한또래의 여자는 도대체 얼마나 나보다 정신연령이 높았던걸까? 아뭏든 내 인생 베스트 영화에 포함"
"89","뜨거운 피","10","졸잼 졸쟁졸잼졸잼 졸잼"
"90","연평해전","10",""
"91","이상한 나라의 수학자","9","지독한 현실에 엄청난 낭만과 판타지가 숨어 있음 아름답다"
"92","극장판 금빛 모자이크: 땡큐!!","1","천원 관람권 사용한건데... 흠..."
"93","뜨거운 피","4","배우들 연기빼면 뭐.. 뻔한느와르에 이해가지않은 조폭들의 싸움.. 솔직히 뭐땜시 싸우는지 이해가 안간다"
"94","이상한 나라의 수학자","10","초반에 미스테리한 분위기가 넘 좋았어요. 최민식 배우의 연기가 정말 잘어울렸고요~ 스토리가 엄청 대중적인건 아니지만 신선해서 전 정말 재미있게 잘봤어요! 은근 명언도 많고요. 평점 8점은 조금 낮은 거 같아서 10점 드리고갑니다"
"95","쌍화점","2","너무 야하"
"96","뜨거운 피","10","느와르 볼때마다실망했는데뜨거운피 . . 느와르의 편견을깸연기전부. . . 오지고요스토리탄탄!"
"97","이상한 나라의 수학자","6","최민식의 최민식에 의한 최민식을 위한 영화"
"98","남과 여","2","불륜은 핀란드 날씨처럼...아름답지만 차갑지"
"99","뜨거운 피","10","방금 보고 왔는데 정말 재밌고 정우씨연기 짱입니다"
"100","더 배트맨","8","Nirvana 노래나올때 헉!!!"
"101","롱 리브 더 킹: 목포 영웅","10","넷플에서 우연히 봤는데 잼있어요~^^노래방씬 심쿵~~ㅋ"
"102","뜨거운 피","6","조폭 느와르, 전라도 아님 부산 사투리에 배신 .... 뭐 뻔한 포맷이고이런류에 쓰레기작들이 많긴하다만 배우들이 좋아서 이건 볼만했다"
"103","뜨거운 피","2","실제 배우중 부산 사나이가 몇일까.. 사투리 연기를 못하거나 부산 언어를 못 알아 먹거나 둘중 하나임.. 뭔말이야 ...자막을 넣어주세요... 웅얼웅얼"
"104","듄","10","영상과 음악의 조화 좋았던... 다음이 더 기대되는"
"105","킬링 카인드: 킬러의 수제자","5","액션보다 로맨스?"
"106","문폴","1","아주재미있는영화에요^^차타고 빠르게 가는장면이었는데 ""빨리가자"" 하면서 렉서스차량의 스포츠모드로 바꾸는 장면이 클로즈업되었는데 정말 어이가없더군요ㅋㅋ2012보고 기대하고 보러갔는데 개뜬금없이 중국어로 대화하지않나 PPL을 티가안나게넣던가 퉤"
"107","라스트 나잇 인 소호","8","음악과 색감이 좋았던"
"108","뜨거운 피","10","너무 재밌어용 !!!완전 화이팅"
"109","에펠","6","실화를 바탕으로한 각색이지만 이건 좀...에펠탑이 만들어져가는 영상미는 좋다"
"110","리슨","8","여러모로 생각 하게 만드는..."
"111","캅샵: 미친놈들의 전쟁","6","다들 미쳐있는... 킬링타임용"
"112","스펜서","8","크리스틴의 연기가 최절정에 올랐다는 것을 증명할 수 있는 영화."
"113","뜨거운 피","8","연기좋고 중간중간 지루한감이 있긴한데중반부터 후반으로 갈수록 몰입되고 좋음"
"114","다이빙벨","1","미국- 노틸러스호.소련-붉은10월. 독일-U보트. 한국-다이빙 벨.."
"115","타이거마스크","2","아재개그 너무 한거 아닌가"
"116","기생충","10",""
"117","뜨거운 피","10","“정우주연” 그자체로 말 다했죠!! 영화 속 희수 그 자체였던 정우 배우님!!연기 쩔었어요~~~ 평소 소년소년한 이미지를 벗고 진짜 부산에 살고 있을 법한 ….희수 삶 그 자체를 연기하신 정우님!! 다른 배우 분들의 연기도 너무 좋았고 뭐 하나 버릴것 없었던 영화!! 찐한 여운이 남아 마음을 울리는 영화였어요"
"118","뜨거운 피","2","짜증나게 뭔소리야진짜 짜증나게 뭔 소리냐고작가 천명관만 좋아하기로 함"
"119","뜨거운 피","10","출연진 라인업도 그렇고 평소에 누아르/범죄 영화를 좋아해서 보러갔는데 재밌었습니다삶의 교훈도 있고 추천합니다"
"120","이상한 나라의 수학자","8","나름 수학자의 삶에 공감가고 잔잔하니 재밌고 좋았어요.. 믿고보는 최민식 배우"
"121","메리다와 마법의 숲","5","킬링타임 으로만 볼만했다"
"122","비밀은 없다","1","홍대병걸린 인간들만 봐라"
"123","미 비포 유","10","제목 me before you에서 결론은 다 나왔다. 아름답지만 슬픈 영화. 단순히 로맨스물이라는 느낌보다는 안락사에 대해서 다시 생각해보는 계기가 되었다."
"124","문폴","1","C-머니 앞에선 롤감독도.."
"125","해피 뉴 이어","3","그냥 버린긴 아까워서 7개를 묶어 판매한듯"
"126","듄","10","파트2 기대하고 있습니다"
"127","더 배트맨","10",""
"128","뜨거운 피","10","지금꺼 봐왔던 양복입고 폼 잡는 그런 건달이 아니라 신선하고 허세없는 담백한 건달이야기 더 좋았던거 같아요~주인공 정우님과 이홍래 최무성님 연기 조합이 더 영화를 몰입하면서 볼 수 있었던거 같아요~임팩트 있는 대사가 지금 우리 사는 사회에 풍자하는 말같아 더 좋았습니다~~배우님들 연기 정말 명품이었어요~^^"
"129","벨파스트","9","종교 다툼이 극에 달한 벨파스트 안에서, 가족과 함께 살아가고 좋아하는 친구와 짝을 이루기 위해 힘쓰는 한 소년의 따뜻한 시선. ‘시네마천국’이 연상되는 매력적인 흑백영화. 고향을 그리게 하는 아련함이 있다. 당시 역사를 좀 알면  더욱 몰입해서 볼 수 있었을 듯."
"130","장르만 로맨스","1","내가 뭘본거지... 아니진짜 뭐지?"
"131","어거스트 버진","8","아름답고 잔잔하다 우리 모두 나를 알아가야한다"
"132","뜨거운 피","10","후반부로 갈수록 몰아치는 재미가 있는 매력적인 영화였습니다."
"133","뜨거운 피","6","지난번 강릉에 좀 실망을 해서 이번에 더욱 기대를 품었는데, 여전히 이도저도 아닌 느와르물이 되어버림 ㅠ.ㅠ 피가 끓기는 커녕, 진행될수록 납득 안되고 김만 빠지는 전개임."
"134","뜨거운 피","10","일단 출연진이 대단함..명품 조연들이 다수 포진해있어서 자칫 3류깡패영화로 전락할수있었을수도 있지만 연기로 극복함두번째로 감독 전작이 무엇인지 모르지만나름 카메라 구도나 음악적인 효과좋았고연출이 나쁘지않음굳이 비교하자면 강릉보단 낫고신세계에 약간 못미치는 영화적인 연출그러나 두작품 보다 좀더 현실감있게 표현됨나는 부산사람임"
"135","뜨거운 피","8","오랜만에 괜찮은 한국식 느와르~"
"136","이상한 나라의 수학자","5","스토리 연결이 매끄럽지 못해서 등장인물들이 첫 등장부터 본인소개를 대놓고 하는 촌극을 벌임. 억지로 떠먹이는 감정이입 장면이 영화 처음부터 끝까지 나오는데 중화권 하이틴 영화를 보는 듯한 착각이 든다."
"137","이상한 나라의 수학자","7","제목보고 어려운 영화인줄 알았는데 그냥저냥.."
"138","벨파스트","7","폭력과 혼란이 도사리는 그곳에도 가족이 있다어디든 사람이 있는 곳엔 삶이 있다"
"139","더 배트맨","8","어두운 분위기와 적절한 느와르 기존 배트맨과 다르게 판다지적 요소는 적다 사건을 다루는 형사를 보는 듯 했다."
"140","그것만이 내 세상","10","보는내내 모든 연기자들의 연기에 감정몰입이 되었고 정말 잘만들어진 영화네요"
"141","뜨거운 피","6","생각보다 별로였음. 앞뒤도 안 맞고, 정우 연기 빼고는 그닥."
"142","뜨거운 피","6","주?조연 연기 구멍이 없는건 칭찬하지만 스토리도 진부한데 기존에 보여줬던 색깔이 겹쳐보여서 식상함"
"143","뜨거운 피","7","경관의 피와 헷갈리는 제목만 아니었으면 더욱 관심 받았을 영화"
"144","뜨거운 피","10",""
"145","대특명","10","람보2 코만도보다 1년 먼저 만들어진 영화임에도 국내엔 1년 늦게 개봉하는 바람에 람보 코만도 아류작으로 불리던 불운?의 척노리스 액션물! 코만도 람보2 못지않게 재밋게 본 기억이 난다"
"146","더 배트맨","10","역대급 필름 느와르 영화!! <세븐> 같은 스타일의 히어로 물"
"147","파워 오브 도그","8","이영화의 여성감독 제인캠피온이 말하는 척결 되어야 할 개들의 파워는 필과 그의 무리들에 국한 되는게 아니라필의 어머니를 학대하던 필의 아버지 그리고 여성성을 억압하는 마초 전체를 겨냥한 것이라 생각 됩니다. ?"
"148","주토피아","10","너무나 절묘했던 사회풍자"
"149","더 배트맨","10",""
"150","효자","10",""
"151","뜨거운 피","6","갑수아재 이정도면 오래 살았네"
"152","더 배트맨","10","시간은 길었어요 하지만 최고"
"153","스펜서","7","크리스틴의 연기가 참 인상적이였습니다. 인물 본연의 불안함이나 우울감이 그대로 느껴지고 그 장소에 같이 있는 듯한 기분도 드는 좋은 영화였습니다."
"154","킹 리차드","6","기대 안하고 봤는데 나름 볼 만했음"
"155","터미네이터","10","전설의 시작"
"156","스펜서","10","다이아나 스펜서가 돌아온줄"
"157","벨파스트","8","아이의 시각에서 본 갈등과 타협"
"158","직쏘","2","마지막 장면 너무 잔인한데요.. 이런게 재밌나요?.."
"159","텍사스 전기톱 학살 2022","8","가볍게 잔인한 영화 보고싶다면 추천!"
"160","더 플랫폼","10","잔인하지만 깊은 뜻을 담고 있는 영화몰입감 최고!!"
"161","그것만이 내 세상","8","한지민이 주연인줄 알았는데 특별출현이란거 보고 놀랐네 ㅋㅋ"
"162","맨 인 더 다크 2 ","8","심장이식이라는 무리수를 빼면 최고의 영화"
"163","더 배트맨","8","다음편을 더 기대하게 만드는 영화입니다!"
"164","보호자","1","아니 그래서 배성우 아들은 어떻게 죽었길래 저렇게 흑화한건데? ㅡㅡ"
"165","뜨거운 피","5","그냥 저냥 나쁘지 않은 조폭영화"
"166","뜨거운 피","10","처음에는 좀 유치한 느낌이 들었는데 가면 갈수록 몰입도가 확 되면서스토리도 탄탄했어요! 오랜만에 제대로 된 영화를 본 느낌"
"167","뜨거운 피","10","느와르는   우리의 로망이다 . 영화로만 연출되기때문 좋았다 만족한다"
"168","데자뷰","10","이명작을 이제서야 보다니 ㄷ ㄷ개명작 인정합니다"
"169","벨파스트","10","아주 유려한 영화입니다."
"170","안테벨룸","8","겟아웃에서 반전의 강도가 쎄서 그런지 이번 영화에서는 기대치보다 낮은 반전의 강도. 그러나 어스보다는 훨 재밌게 감상했어요"
"171","낙원의 밤","5","배우들의 연기와 제주도의 풍경이 다함."
"172","하늘의 푸르름을 아는 사람이여","2","?남들은 직접가서보고!! 나만!! 테블릿으로보고!!"
"173","뱅드림! 팝핀' 드림!","2","남들은 직접가서보고!! 나만!! 테블릿으로보고!!"
"174","마릴린 먼로와 함께한 일주일","1","TV로 봤는데도 시간이 아깝네요 마릴린 먼로 미스 캐스팅때문에 실화 바탕 영화가 아니라 재연드라마 보는 느낌이었어요 엠마왓슨을 저렇게 낭비하다니"
"175","더 배트맨","10","역시 악당이 좋아야 합니다 새로운 배트맨 시리즈 또 기대합니다"
"176","더 배트맨","9","보다 현실적이어서 보기 좋았습니다.부잣집 도련님에, 히어로지만, 어느 옆집에서 볼만한 인간적인 사람같은 모습과 심오한 내면의 세계를 잘 보여준 것 같아요"
"177","더 배트맨","8","영상미가 좋았어요 느와르 분위기에 캐스팅된 배우들도 찰떡이고 긴 시간 시간가는 줄 모르고 봤습니다!"
"178","스펜서","7","크리스틴 스튜어트의 연기력을 제대로 본 영화"
"179","이상한 나라의 수학자","10","수학자가 되고 싶을 정도이다^^"
"180","문폴","6","롤랜드 에머리히 감독의 스케일 큰 재난 연출은 역시 이번 영화에도 돋보인다. 그런데 장점이 그뿐이다. 그렇기 때문에 큰 스크린에서 거대한 사운드와 함께 이 영화를 보지 않을 거라면, 안보는 게 더 나을 것 같다."
"181","뜨거운 피","8","예고보고는 기대안했는데 직접보니 재밌게 너무 잘봤네요"
"182","이상한 나라의 수학자","10","기존 한국영화와 다른 새로운 소재의 영화라 신선했습니다.수학과 입시 교육을 소재로 이런 흥미로운 스토리를 만들어 낸 점이 좋았습니다!"
"183","극장판 안녕 자두야: 제주도의 비밀","10","이번극장판 OST가 너무 신나는노래로 나와서 좋네요ㅎㅎ"
"184","블랙라이트","10","이 형은 영원히 간지날 듯."
"185","레이니 데이 인 뉴욕","8","남주 여주 모두 연기력 좋았고,  비오는 뉴욕거리를 보는 것만도 충분히 좋았다.  나를 보는 듯, 너희를 보는 듯... 나쁘지 않았다."
"186","오살","10","잘만든 영화 초반의 지루한 부분만 지나면 재밌습니다."
"187","뜨거운 피","10","날것이란것의 느낌이 이것이구나했던 연출과 배우연기... 배우님들의 연기가 더욱 둗보였던 영화"
"188","오펀: 천사의 비밀","9","추천합니다추천합니다"
"189","사랑은 비가 갠 뒤처럼","10","애니와실사의싱크로율이이렇게잘맞는경우는없었어요.고마츠나나연기력도훌륭하고매력있는배우입니다"
"190","더 배트맨","8","가면쓰고 눈빛만으로 하는 연기는 별10점이지만할리우드 신파는 너무 별로이긴했음"
"191","에펠","5","에펠탑 건축이라는 훌륭한 소재를 두고 사랑에만 빠져버린 아쉬운 작품"
"192","안테벨룸","5","초,중반 까지는 재미없었는데 중후반 부터 몰아치는영화"
"193","문폴","1","영상미는 죽여줬는데 스토리 급 개뇌절 ㅋㅋㅋㅋ 개노어이…."
"194","스펜서","10","다이애나도 크리스틴 스튜어트도 아닌 Mrs.스펜서의 숨막힐 듯한 압박감을 영리한 음악으로 극대화시키다"
"195","7인의 악인전","7","제목이... 7인이라 7점 준다 .  포스터보니 장르고 코믹인가 ~ 조금 기대되네. 어디 한번 볼까나 ~!!"
"196","무현, 두 도시 이야기","10","진짜 그의 일대기를 보면서 많은 생각이 들었습니다. 마지막 부분에서 치닫는 그 랩은 정말…온몸에 전율이 돌 정도 였어요…"
"197","뜨거운 피","6","진부하지만 배우들의 연기로 인해 재밌게 보았습니다."
"198","그것만이 내 세상","10","최고의 영화 감동적임 강추!"
"199","더 배트맨","1","흑고든 흑시장.. 흑인 쿼터제 ㅈㄴ역겹다"
"200","더 배트맨","10","조명을 활용한 액션이 일품. 너바나의 분위기와 너무 잘 어울린다"
"201","마릴린 먼로와 함께한 일주일","10","평점 1개짜리는 마릴린 먼로를 전혀 모르는 영화를 베놈으로만 배운 2000년대생 애들이 테러하는건가 실제로 마릴린 먼로를 본 적도 없는 애들이 여주가 마릴린 먼로를 전혀 안닮았다고 까네 미쉘 윌리엄스는 충분하리만큼 먼로를 투영하고도 남았다"
"202","뜨거운 피","10","엄마와 같이 봤는데 엄마가 신실한 기독교인이라 다소많이 잔인하다고 하셨네요~ 저는 개인적으로 재미있게 봤습니다만 정우배우님 연기력이 한층 고조되었네요. 그리고 뭔가 뻔한 배우들이 나오는 캐스팅은 정말 이제만 해야되지 않을까? 생각됩니다. 조금더 새로운 배우들로 채웠다면 더 좋았을거 같네요. 그리고 뭔가 연출이 조금미흡하지 않았나 라는 생각도좀 하구요~ 아무리 건달 얘기지만 너무 쉽게 칼로 배떄기를 쑤시는게 사람을 찌를때는 그 찌르는 감정이 담겨져야 하는데 무슨 아무영혼없이 칼로 찌르니까 모방범죄도 쉽게 일어날수 있을거 같다는 생각을 합니다. 사람을 죽이고 나서도 최책감과 잠못이루는 충격이 온다고 하던데 아무런 영향이 없다는 것도 표현이 없어서 아쉬웠네요 뭐든지 완벽할수는 없지만 이정도면 잘 만든것 같네요 간만에 재미있게 잘 봤습니다."
"203","스펜서","10","진짜 크리스틴 스튜어트가 다이애나가 받은 왕실의 억압을 엄청나게 잘 표현한 것 같다. 러닝타임 내내 크리스틴 스튜어트의 연기에엄청나게 몰입하면서 봤다"
"204","극장판 안녕 자두야: 제주도의 비밀","3","주인공이라는 애가 윽박지르는 장면밖에 안나옴"
"205","스파이더맨: 노 웨이 홈","10",""
"206","소리도 없이","6","다 보고 나서도 뭔가 복선에 대한 해석이 없이 끝난 느낌,,"
"207","더 배트맨","8","너무 다크했어요. 분위기가 너무 다크 실제 영상도 다크해서 화면이 잘 안보였어요."
"208","스펜서","8",""
"209","연애 빠진 로맨스","10","오랜만에 재미있는 영화였어요!"
"210","더 배트맨","9","더더 다크해도 좋아요 로버트 패틴슨 처음에는 걱정했는데 그 나름의 배트맨 좋았습니다."
"211","뜨거운 피","8","이만하믄 더럽고 지저분한 분위기 합격점. 더 처절하니 질척댔음 하는 아쉬움 싸대기칠 구멍하나없이 개쩌는 연기, 한국느와르 탑텐이다. 평점8이상 무적권 되니 믿고 봐라."
"212","더 배트맨","7","무게는 잘잡았다"
"213","이상한 나라의 수학자","10","별 기대 없이 봤다가 시간 가는줄 모르고 봤다리"
"214","이상한 나라의 수학자","10","중고등 추천 영화 그리고 어른들도 추천요수학이란.."
"215","인민을 위해 복무하라","1","인민이라더니 북한말은 90프로는 안쓰고 여배우는 발연기 작열하고 연우진만 겁나 뛰댕김"
"216","어메이징 스파이더맨","7","스파이더맨의 액션이란 바로 이런 것이다 라는 것을 보여주고 있는 영화"
"217","라라랜드","10","마지막 5분...짧은순간 많은것을 담아낸 순간이였던듯.."
"218","문폴","7","기대치를 엄청나게 낮추고 보니  제법 괜찮은 재난 영화.어린시절 극장에서 보았던 '인디펜던스데이'의 향수를 억지로 끌어내어 의미를 부여하며 영화를 보니 그럭저럭 괜찮았다."
"219","극장판 주술회전 0","10","걍 보세요 그냥 존잼이니까 사랑해"
"220","이상한 나라의 수학자","8","요즘 볼만한 학습 영화 없었는데, 굿월헌팅 파인딩 포레스터 스토리의 ㅡ거지왕자 모티프를  입히긴 했으나, 한국사회 실정에 닿아 오히려  감동이 더 컸다. 수학을 소재로 한 점도 대단히 획기적이었다. 특히 파이를 숫자화하여 피아노 음계로 바꾸어 연탄 하는 장면은 융합학문의 실체를 경험케한  결과물로  내 몸에 전율이 흐르게 했다."
"221","더 배트맨","10","이 영화의 모든 요소들이 배트맨의 분위기를 완성시킨다."
"222","원더 우먼","8","스토리가 꽉 차진 않았지만 영상미나 액션 그리고 원더우먼이라는 캐릭터에 있어서는 확실히 눈에 띄었다."
"223","뜨거운 피","1","뭔내용인지 모르겠음 ㅠ"
"224","스펜서","7","크리스틴 스튜어트의 연기가 빛난다.아름다운 영상 속에 슬픈 이야기가 담겨있다."
"225","뜨거운 피","10","나 진짜 재밌게봤는데또 보러 가고싶을 정도 올만에 느와르계 중에서 볼만했음"
"226","뜨거운 피","8","오랜만에 볼만한영화 남자라면 가슴뜨거워지는 느와르"
"227","지금 만나러 갑니다","9","잔잔한 감동과 허당 재미가 있습니다."
"228","뜨거운 피","8","조폭느와르영화영화 중 잘만든 영화이나 소설원작을 지나치게 압축하다보니 생략된부분이 너무많았던 영화. 등장인물도 많은데다가 각자 자신들만의 이야기를 그려가다보니 영화 중간중간이 붕뜬느낌. 소설에서 과정은 생략하고 결과만 넣은 느낌. 제대로된 재미를 느끼고싶다면 소설을 먼저읽고 영화를보던지, 그 반대로하던지 소설은 꼭 읽어보기를 추천. 재미는 있었으나 2~3편으로나와야할걸 억지로 한편에 우겨넣은 느낌을 지울 수 없었음."
"229","미라클 벨리에","10","영화 '코다'가 있기 전에 ""미라클 벨리에""가 있었다."
"230","더 배트맨","8","원작 코믹스로 만들어 본 탐정 배트맨배트맨 캣우먼 펭귄의 성장 초기를 보여주는 구상이 좋았다"
"231","유어 러브 송","7","대만 관광청 홍보영상으로 손색이 없을듯."
"232","뜨거운 피","5","작년에 나왔던 강릉 부산판 보는 느낌 들었음. 그냥 뻔한 조폭 영화였단 얘기. 하나 차이가 있다면 강릉은 사투리 대사 알아듣는데 문제가 없었는데 이 영화의 부산 사투리 대사는 빠른데다 잘 안들리는 부분이 많아서 좀 답답한 느낌이 들었다는 점."
"233","나의 촛불","10",""
"234","안테벨룸","2","영화 떠나서 개역겨움 피해의식 쩌는 억지스러운 연출 토나옴 지들도 동양인 무시하고 개패면서 웃기는 넘들 구제불능 수준임   흑인 영화는  늘  뻔함"
"235","팬텀 스레드","7","버섯 먹고 성장하는 슈퍼 마리오와 그의 사랑을 갈구하는 공주의 아픈 사랑"
"236","뜨거운 피","6","마지막을 위한 빌드업인가"
"237","듄","6","크고 아름답다.. 근데 좀 늘어진다."
"238","인민을 위해 복무하라","2","그냥 애로영화 같아요 ㅠㅠ여자배우는 목소리부터 그냥 애로에요 국어책그와중에 남자 배우님 연기는 빛나고요남자배우님이 연기가 이런 영화랑은 안오울려요."
"239","마릴린 먼로와 함께한 일주일","6","아~~ 프로필 보니 실제 마릴린은 1954년 한국전쟁 막바지에 한국에 위문 공연도 왔었고  또 배우 미셸 윌리엄스는 영화 베놈에서도 여주로 출연도 했었네 헌데 이 영화에서는 그 장면이 왜 안 나왔는지...  ★ chot****/ 이 보세요 여주이름 엠마왓슨이 아니고 미셸 윌리엄스 입니다 똑바로 알고 얘기 하세요 ★"
"240","인민을 위해 복무하라","10","오랫만에 잘 본 영화입니다."
"241","코다","8","노멀하다고? 이 영화에는 최고의 키컨셉트 씬이 있다구!"
"242","조커","10","웃음이 끊이지않지만 웃을수없는 영화"
"243","뜨거운 피","8","잘 봤습니다 ~"
"244","티벳에서의 7년","8","그 평온한 나라도 중국 공산당과 엮이면서 사라져 간다."
"245","뜨거운 피","7","연기가 끝내줍니다!!  나름 볼만함!!"
"246","화장","8","나쁘지 않았습니다  마음 한켠이 무거워지네요"
"247","스키타이: 불멸의 전사","8","흥미롭다..."
"248","뜨거운 피","7","감독의 연출 첫작품이라는 점과 정우의 설득력 있는 연기에 그나마 높은 점수를"
"249","더 배트맨","1","아니 코믹스랑 비슷하면 무조건 재미있다고 치켜 세워줘야되나??영화로 넘어오면 각색이 필요하잖아~이거 무슨 셜록홈즈 탐정 영화도 아니고~리들러와의 두뇌싸움까진 이해하겠는데 그 재계발을 못해서 어떤 피해를 봤는지 어떤 불이익을 받아서 삐뚫어 졌는지 설명이 필요하지 않나??그냥 재계발한다해놓고 못해서 적의를 품은거잖아..설명도 불친절하고 하여튼 라이너의 컬쳐쇼크에서 좋다고 평한건 다 별로더라~~조커는 세상에서 학대받다가 악마로 변해 궁중을 응집했던 카타르시스라도 느꼈지 이건 이도 저도 아니내~"
"250","가문의 위기 - 가문의 영광 2","10","이 시절에만 가능한 연출 코미디 이다 이만한 영화없다 여러가지 교훈과 재미가 있습니다 10년이 지났지만 티비에 나오면 지나치지 않는영화"
"251","조제","10",""
"252","프라미싱 영 우먼","10",""
"253","벨파스트","9","2022 .03.23 개봉"
"254","아기와 나","1","뭐가 나오겟지 뭔가 나오겟지 하면서 보는데 킬링타임도 안나옴...지루하고 끝은 뭐냐?하는 영화"
"255","스펜서","8","그 연기 못하던 크리스틴 스튜어트가 맞는가.. 퍼스널 쇼퍼 이후로 이 배우는 명배우가 되었다."
"256","사이비","9","[EJ] 종교를 소재로 한 너무나도 현실적인 애니메이션이라고 생각한다. 종교 그 자체는 비현실적인 것임에 틀림없지만 종교를 바탕으로 한 사람들의 삶과 인간관계는 부정할 수 없는 현실이다. '사이비'는 이러한 비현실과 현실이 뒤죽박죽 얽히고 섥혀있는 세상을 사는 사람들의 이야기를 너무나도 적나라하게 잘 묘사해 주었다고 생각한다. 등장인물들의 종교적 심리와 행동이 현실에는 잘 드러나지 않는 모습까지 모두 다 까발려지도록 연출하고 묘사한 것에 감탄을 하지 않을 수 없다. 보는 내내 나 자신이 민망해지는 감정이입을 느꼈다. 영화가 던지는 문제의식은 별로 새로울 것이 없지만 이야기와 대사에 있어서는 수작이라고 생각한다. 그리고 권해효의 더빙은 정말 놀랍다. 정말 잘 했다고 밖에 표현이 안된다. 지금까지 내가 본 배우가 하는 더빙 중 단연 최고였다."
"257","뜨거운 피","2","진짜 어떻게 흘러갈지가 다 보이는 영화"
"258","고양이들의 아파트","10","감동적인 내용이었습니다"
"259","스파이더맨: 노 웨이 홈","10","대박이에요.. 레전드라고 생각해요"
"260","에펠","10","영화는 사실에서 모티브를 얻어 각색했다고 한다. 프랑스에서 에펠탑을 올라가 시내를 바라봤을 때의 기억이 강하게 밀려온다. 정확히 300미터라는 그 탑을 완성하기위해 얼마나 많은 사람들의 땀과 노력이 있었는지 생각하게 된다. 그리고 영화를 관통하는 사랑이야기. 아드리엥을 생각하며 끝까지 완성한 에펠탑. 아름다운 에마 매키의 모습에 사로잡히고 그들의 사랑 이야기에 매료되어 보다보면 금새 만국박람회가 열리는 현장으로 이동하게된다. 다시금 에펠탑에 오르고 그 주변을 거닐고 싶어진다. 인생에 그렇게 강렬한, 확신할 수 있는 사랑이 찾아온다는 것! 그런 그와 함께라면 풀밭에서 바람만을 느끼고 있어도 지루하지않을 것이라는 그녀의 말이 맴돈다."
"261","문폴","10","나만 재밌으면 되는거지"
"262","뜨거운 피","3","스토리 이해잘안되고 지루하고 졸림"
"263","문폴","6","그렇게 최악은 아닌 듯...기대없이 볼 만함"
"264","스펜서","10","크리스틴 스튜어트의 다이애나비 연기는 최고다.찰스왕자와의 이혼하기 1년전 크리스마스 3일간을 다룬 이야기며, 그당시 배경, 엘리자베스 2세 여왕과 찰스왕자 등 미리 영국왕실 배경을 알고 있다면 충분히 이해할 수 있는 영화다"
"265","킹 리차드","7","이런 사연이 있었구만..."
"266","마지막 액션 히어로","7","제목만 기억나는데 이제서야 봤다."
"267","뜨거운 피","6","신세계 이후 조폭 영화는 더 많이 생각해야 하지 않을까.욕설이 생각보더 덜 나온 건 다행."
"268","마이클 잭슨의 디스 이즈 잇","10","마이클잭슨 같은 인물이 또 나올까 정말 완변한 전세계 황제가수다"
"269","뜨거운 피","10","역시 정우 연기가 정말 대단합니다"
"270","스파이더맨: 노 웨이 홈","7","소니, 그냥 톰홀랜드의 스파이더맨은 마블에게 줘..."
"271","극장판 주술회전 0","10","뭐하나 빠지는게 없이 다 좋아요..쿠키영상을 보니 이후의 이야기도 기대되네요"
"272","뜨거운 피","10","난 재밌던데 ㅋㅋ평점 너무 낮네;"
"273","이상한 나라의 수학자","8","북한과 우리의 관계를 되돌아보게 한 영화"
"274","더 배트맨","4","뭔 내용인지 몰라서 보는내내 힘들었음. 그리고 마지막에 사이코처럼 웃는 연기... 조커도 아니고 뭔지 모르겠음"
"275","이상한 나라의 수학자","10","연기가 좀 어색하고 초반에 대사가 잘안들려서 몰입도가 떨어지긴했지만 스토리 구성좋고 무엇보다도 영화소재인 수학의 아름다움을 크게 느낄 수 있어서 좋았습니다"
"276","내게 남은 사랑을","10","홍석오빠 사랑하구 보고싶어요!!♡-♡오늘도 생각났어요!!  응원합니다 항상"
"277","뜨거운 피","8","잘봤어요"
"278","블루버스데이","10","홍석오빠가 정말 멋있어요♡-♡사랑하구 보고싶어요 오늘도 생각났습니다!!"
"279","스펜서","7","크리스틴 스튜어트는 뛰어난 연기를 한듯 앤 불린과 자신을 동일시 하는 연기는 몰입력이 엄청났다."
"280","킹 리차드","7","자녀들에게는 공짜는 없다고 하면서 코치에게 당연하듯 요구하기만 하는건 맞지 않다. 부모의 뒷받침도 중요하나 아이들의 의지와 재능도 필요하다"
"281","이상한 나라의 수학자","8","볼만합니다. 최민식 배우의 연기는 역시 대단하네요..."
"282","나이트메어 앨리","8","브래들리쿠퍼의 자조적 웃음이 잊혀지지 않는다"
"283","블랙 팬서","5","어설픈데다 열폭까지 느껴지는 흑인왕국 판타지.아카데미가 아깝다."
"284","뜨거운 피","10","진한 감동이나 여운이 있는건 아니다 ....그냥 정우와 조연 배우들의 연기만봐도 좋은 영화"
"285","스펜서","6","영상미가 예뻤지만 너무 잔잔해서 살짝 지루했음. 근데 주인공이 연기를 너무 잘함"
"286","폭격","10","찰나의 순간이 이 세상의 희망을 앗아갔다."
"287","고양이들의 아파트","7","고양이를 사람으로 대입하고 봐서 그런지 꽤나 무게감 있는 시간이었습니다."
"288","뜨거운 피","6","그냥 뭐 그렇다"
"289","리디밍 러브","7","성경을 기반으로 한 작품"
"290","이상한 나라의 수학자","10","아들하고 유익하게 봤습니다"
"291","써스펙트","10","범죄 스릴러 영화를 많이 본사람은 이작품의 진가를 느낄것이고, 그렇지않은 사람은 실망할수도있다. 범죄 스릴러 영화의 클리셰를 깨는 아주 수준 높은 작품이다. 연기파 배우들이 참여했다. 아는만큼  느낄것이다."
"292","피그","8","영화를 풀어나가는 방식은 다소 생소하지만 은유적인 연출과 인상깊은 장면들이 많은 영화."
"293","신비한 동물사전","9","해리포터 세대라 평점이 높은 건 어쩔수 없나봐 ㅜ"
"294","보드랍게","6","김순악씨의 일생만 보여줬으면 더 만족스러운 시간이었을 거 같은데, 억지로 끼워 넣어서 몰입감을 떨어트리는 부분들이 좀 있어서 아쉽네요"
"295","뜨거운 피","10","역시 천명관! 무슨 말이 필요하랴"
"296","킹 리차드","9","윌스미스의 인생 연기."
"297","뜨거운 피","8","간지나는 한국형 느와르"
"298","씽2게더","10","애들이 보고 싶어해서 기대없이 봤는데 너무 재밌게 봤네요. 어제 보고 오늘 저녁에 한번더 보기로 했어요^^ 코로나만 아니었음 극장에서 봤을텐데 아쉽습니다"
"299","파도가 지나간 자리","10","영화제목부터 번역이 너무 잘됐어요!"
"300","말모이","10","보고 시간 지나면 또 보고... 볼 때마다 감동도 감동이지만... 지금 내가 쓰고 있는 우리말이 있기까지 얼마나 많은 분들의 희생이 있었는지 바로 느껴지고 연기자 분들의 연기도 좋은 작품 작품입니다.우리나라를 사랑하는 사람으로 정말 추천 드리는 작품 중 하나입니다."
"301","살인의뢰","10","사형제도가 부활하기를 바랍니다"
"302","뜨거운 피","10","믿고보는 배우들과 신예의 환상적인초합이라고 할수 있겠어요. 느와르를 원래 좋아하는데 지금까지의 느와르와는 약간 결이 다른 느낌? 영화 홍보문구처럼 날것을 느낄수 있었습니다. 코로나로 지친 극장이 안타깝네요ㅠㅠ"
"303","스파이더맨: 노 웨이 홈","8","스파이더맨 시리즈를 다 본 팬들이면 재미있게 볼 것이고, 처음 이 영화만 본다면 내용 이해 못 할 듯합니다. 억지 개연성도 좀 있는 거 같아용"
"304","소원","10",""
"305","인민을 위해 복무하라","1","최악 중에 최악.어디서 감히 ‘색,계’와 비슷하다고 지껄이는지..발성이고 발음이고 뭐고 일단 말부터 제대로 내뱉지 못하는 여배우의 연..기(라고 불러도될지?)가 나올 때마다 웃음이 새어나와서 덕분에 웃기는 많이 웃었다.."
"306","더 배트맨","10","일단 보세요 그냥 한번 보세요 진짜 한번만 보세요"
"307","애덤 프로젝트","10","애들 영화인듯 하지만 상당히 철학적인 영화"
"308","메리 미","8","흔한 소재이지만 사랑스럽고 행복해지는 영화"
"309","사비나: 그리스도를 위한 고난, 나치 시대","10","나를, 너를, 사랑으로 자유하게하다. 용서, 고난을 이기다."
"310","리디밍 러브","10","사랑과 용서, 구원, 소통 영화 이야기의 흐름과 감정선, 마음변화까지 집중해서 봤어요."
"311","더 배트맨","6","큰거 한 방이 없는 밋밋한 작품"
"312","뜨거운 피","1","이런류  영화를  좋아하지않습니다..."
"313","강릉","2","역대급 졸작이다빚 몇푼에 살인누명쓰고 감옥에 간다는 설정이나이야기의 앞뒤 개연성없는 배신과 살인고추말리는 조폭 최대두목?  뭔 놈의 설정이..무조건 칼로 사람만 쑤셔대면관객이 좋아할줄 알았나봐돈 주고 사서 보기 아깝다"
"314","역도산","3","짜고치는 프로레슬링, 전범 패전국 일본을 미화한 영화라 감동은 반감됨. 그래도 역도산의 감정과 내면을 잘 살린 설경구의 연기력, 나쁘진않은 연출로 영화 자체의 분위기와 감성이 있음."
"315","킹 리차드","4","이게 왜 아카데미 수상작인지는 모르겠네요너무 PC요소들이 가득해서 스토리에 방지턱이 있는 느낌입니다윌스미스 연기말고는 평작수준이에요"
"316","더 시크릿 하우스","10","공포스릴러영화인데가슴이먹먹하고여운이남는영화"
"317","인민을 위해 복무하라","2","와~ 대놓고 인민영화라니~~"
"318","살인마 잭의 집","10",""
"319","극장판 귀멸의 칼날: 무한열차편","10","진짜 개멋있는데 볼 때마다 눈물남"
"320","프라미싱 영 우먼","1","전형적인 논리모순을 보여주는 x페미영화"
"321","클래식","10","예전감성.. 너무 아련하고 슬프네요 왜 이제야 봤을까 진작에 볼걸 진짜 꼭 보세요 명작입니다. 평점 잘 안남기는데 여운이 가시질 않네요"
"322","문폴","1","문풀 윤풀 딱풀 정도 인가?"
"323","피끓는 청춘","10","감독이 충남 사람인듯ㅎ 진짜 사투리 대박 자연스러워요.   충남사람으로서 인정함ㅎㅎ"
"324","내겐 너무 소중한 너","5","연기와 의도 밖에 안 남았다."
"325","야쿠자와 가족","1","이 영화는 한 야쿠자의 비극을 그리고 있다. 그러나 이 영화는 야쿠자의 삶을 비난하는 것이 아니라, 오히려 조직과 원수를 갚기 위해 살인을 저지르는 야쿠자 정신이 옳다고 말하는 것으로 보인다. 인터넷을 통해 겐지와 호소노가 과거에 야쿠자였다는 사실이 알려지자, 유카는 직장인 시청에서 해고당하고 딸인 유카는 전학을 하게된다. 그리고 호소노의 부인은 아기를 데리고 집을 나간다. 해고당한 유카가 겐지에게 왜 자기에게 왔냐며 절규하다가 제발 떠나달라는 말을 할 때 겐지의 마음은 말로 다 할 수 없을 만큼 고통스러웠을 것이다. 겐지가 쯔바사의 원수를 대신 갚아준 것은 쯔바사가 살인을 저질러서 겐지가 겪고있는 고통을 겪기전에, 아이코와 쯔바사의 가정을 지켜주기 위함인 것 같다. 겐지는 자신을 칼로 찌르는 호소노를 안으며 미안하다고 말하는 데, 그것은 겐지 자신이 느끼는 괴로움이 호소노의 괴로움과 동일하기에, 호소노의 마음을 이해하기 때문일 것이다.겐지와 호소노가 과거에 야쿠자였다는 사실이 인터넷에 알려진 후, 부패경찰이 겐지에게 ""넌 당분간은 야쿠자란 꼬리표를 달고 어떻게든 살 수 밖에 없어.""라고 하자, 겐지는 ""뭐가 살 수 밖에 없단 거야? 살 권리를 뺏은 건 그쪽이잖아.""라고 말한다. 겐지가 부패경찰에게 한 말이 영화가 말하고 싶었던 핵심일 것이다.그리고 결말에서 아야가 쯔바사에게 아버지 겐지가 어떤 사람이었는지 물어보고, 쯔바사는 만감이 교차하는 표정을 지으며 아야를 바라본 후 잠깐 얘기를 하자고 말한다. 겐지에게 좋은 감정을 갖고 있을 쯔바사는 자신이 겐지에게 갖고 있는 감정을 아야에게 충분히 전달이 되도록 했을 것이다. 영화는 부패경찰과 겐지의 대화, 그리고 OO사와 아야가 만나는 장면을 통해, 겐지는 야쿠자를 경멸하고 불이익을 주는 사회의 피해자이고 야쿠자의 정신은 계속 이어져야 한다는 말을 하고 싶었던 것으로 보인다."
"326","모리타니안","10","잃어버린 17년... 누구에게 보상받나...ㅠ"
"327","파이란","10","띵작 여운남는영화남아서  평점 처음작성해봄.."
"328","동백","5","엄혹했던 그 시절의 트라우마"
"329","이상한 나라의 수학자","6","약간 지루.."
"330","듄","10","파트2 존버단!!!!"
"331","몽타주","10","범죄자들이 제발 피해자들이 납득할 수 있는 처벌로 받길 바랍니다"
"332","이상한 나라의 수학자","6","최민식쌤의 한마디 한마디는 가슴을 울렸다"
"333","폰 부스","3","하정우같은 두뇌파 주인공을 기대했다면 이 영화는 보지말라. 전형적인 소시민일 뿐 그가 하는것은 기껏해야 범인의 화를 돋구는 어설픈 행동에 지나지 않는다. 나름의 긴박감을 제외하면 더테러라이브와는 비교조차 할 수 없는 영화"
"334","카우보이의 노래","10","동화책 읽듯이 보다보면 크나큰 여운이 남는다"
"335","상류사회","2","수애 바람핀 주제 마지막에 개 10긋은소리 하는데  사람들 박수치고 머임?? 하.. 졸작도 이런졸작을 봤나..?"
"336","맨 인 더 다크 2 ","1","맨인더다크1 완전 재밌게 봐서 기대했는데 이건 진짜 최악이다 수레기 오브 수레기 3류 z급 영화"
"337","마담 싸이코","1","개OO기 영화 진짜 평점 9점 뭐임? 진짜 최악 왜 0점은 없냐 와 진짜 울화통"
"338","더 프레데터","8","프레데터의 리메이크…"
"339","에이리언 2","10","충격적인 SF 공포 영화"
"340","터미네이터 2:오리지널","10","터미네이터 시리즈 중 명작 영화"
"341","우상","2","내용이 먼지 도저히 모르겠습니다"
"342","미스트","10","오래된 영화이나 명작은 명작"
"343","헤이트풀8","10","밤 샜다. 그리고 이제 잔다."
"344","블랙 크랩","2","세계관에 대한 심도가 부족하고 보여줄 것만 보여줌으로써 깊이감보다는 단순하기 짝이없음 그나마 딮다크한 연출로 전체적인 분위기는 평이함 그러나 감독이 어떤 의도로 메세지를 전하고싶았는지 알기 어려움"
"345","콜 미 바이 유어 네임","10","사랑이란게 뭘까? 여러가지 형태의 사랑이 있지만어차피 겉껍데기는 결국 안보이게 되는게 사랑 아닌가?그렇다면 성별이 과연 뭐가 중요할까?이러한 사랑의 본질에 대해 생각해보게 되는 영화였다"
"346","특송","1","감독이 영화 아저씨 재미있게 보셨나.. 근데 미안한데 진짜 재미 없어요"
"347","뜨거운 피","1","경관의 피에 이어 뜨거운 피 철지난 깡패이야기"
"348","언니","1","견찰을 쌉쓰레기로 만드는 영화.. 영상 절반을 넘어가도 고구마 한트럭…. 역중에 검도를 배웠는데 싸움은 권투도 아니냐…"
"349","킹메이커","8","조지 클루니 잘생김 ..잘생김"
"350","해무","8","프로이트의 섹스적 관점에 충실한 영화"
"351","핑크 클라우드","8","강제자가격리... 집돌이는 버틸만 할 듯. 근데 영화는 답답해서 못버티것다."
"352","연애 빠진 로맨스","7","두 사람 보는 재미로 봄. 기타 특이사항 없음."
"353","블랙 크랩","8","러우 전쟁이 진행중인 현재 시점에서 곱씹어 생각할 부분이 많은 영화. 스토리나 개연성은 조금 부족해도 국가와 개인, 적국의 관점에서 전쟁에 대한 각기 다른 명분이 외적인 갈등에서 내적갈등으로 충돌하는 영화"
"354","1987","10","지금의 대한민국을 있게해준....잊지 않겠습니다. 부디 하늘에서는 못다 이룬꿈 이루시길."
"355","엑스맨 2 - 엑스투","9","매그니토 탈옥 장면 레전드.프로페서X의 사기적인 능력도 기억에 남는다.닥스2편 기점으로 MCU에 엑스맨 들어오는 것 같던데, MCU에서 매그니토 다시 보고 싶다..."
"356","재심","10","영화 칠번방의선물도 그렇고 박정희때 x같은 형사들때문에 무고한 시민들을 얼마나 고문에 의해 범죄자로 만들었을까...저 형사xx는 어떻게 살다 죽었을까?반성은 하고 진심으로 뉘우치지도 않고 죽었겠지? 그 집안 다 망해서 끝이 안좋았으면 좋겠다ㅡㅡ 박정희도 벌받아 가족들이 다 그모양이니... 진짜 억울한 불쌍한 사람이 없었으면 좋겠다!"
"357","7번방의 선물","10","다시봐도 명작... 실제로 보상기한 10일지났다고 잘난 이 거지같은 나라에서 보상도 못받고... 불쌍하게 돌아가시고...영화 다시 보고 꼬꼬무로도 보니 이게 다 박정희 그xx 때문이다! 범인을 10일안에 잡으란게 말이냐? 그러니 OO같은 경찰들이 불쌍한 무고한 시민을 고문해서 범죄자로 만들어 병까지 생겨 죽게 만들지!박정희는 진짜 사형 당했어야된다... 영화 재심의 실제인물도 박정희랑 형사xx들때문이고... 그러니 끝이 안좋지!"
"358","뜨거운 피","2","연기력은 다들 좋았는데 내용이 너무 복잡했음...감독이 작품성있게만드려고 너무 이리저리 스토리를 꼬아놨음..그리고 사투리가 부산찐이라 찐부산사람말고는 거의 못알아들었음..."
"359","뜨거운 피","9","굿굿 간만에 느와르 영화봤는데배우들의 연기가 아주 좋았네용"
"360","문폴","1","인트로에서 나온 그 나라 언어에 혹시나 했는데 역시나 다 갈아버림. 인도  B급 영화가 나을듯. 투모로우 감독에 낚임"
"361","해적: 도깨비 깃발","5","이것저것 많은것을 보여주려고는 했다"
"362","폭격","10","신은 존재하지 않는다."
"363","모럴센스","10","재기발랄한 설정으로 에세머 노예의 심리를 가볍게 해부했다."
"364","노인을 위한 나라는 없다","10","명작이다 최고의 몰입감"
"365","더 배트맨","1","분위기 음울하고 지루했음.."
"366","바람의 검심 최종장: 더 비기닝","10","2편 바로 볼수있어서 좋아서요이번에 너무 스토리가 슬프서요감동 있게잘 봤습니다 감사 합니다"
"367","섹스 스캔들","10","진짜 끝내주는 영화다. 이게 매춘부의 삶이고 여자의 삶이다."
"368","블랙 호크 다운","10","이런 대작을 이제보다니. 이제 봤는데도 이렇게 재밌다니. 주연급 배우들의 소싯적모습을 보는 재미도. 눈을 의심할 정도로 엄청 나옴. 그중 주연이 조쉬하튼넷. 꺄"
"369","태극기 휘날리며","10","우리주적은 북한이다 다시는 이런 비극이 없도록 또 대비하고 또 대비 해야한다 북한이 우릴 다시는 넘보지못하도록 !!!"
"370","이별의 아침에 약속의 꽃을 장식하자","10","1.모성애2.죽음의 시작은 새로운 생명의 탄생3.살생과 탄생4.보내는 사람의 감정"
"371","박화영","10","와~~ 오늘 네이버에서 봤습니다...연기자들연기가..대단하십니다., 제가 지나온세월들과 너무나 매치가되어...격어보지않고서는 저런연기는 불가능할듯한데..ㅎ"
"372","킹 리차드","7","연기력을 바탕으로한 가족과성공,,윌리엄스자매에게 이런 아버지가 있었다니"
"373","6 언더그라운드","10","말할필요도 없음.뒤로가기 계속해서 봄.. 비슷한 영화 찾는중"
"374","낙원의 밤","2","최악 쓰레기 영화, 논할가치도 없는 졸작"
"375","문폴","6","이런 뜬금없는 설정 너무 좋아??"
"376","카우보이의 노래","10","누구든 죽는다 지금을 즐기자"
"377","뜨거운 피","1","참... 이런 배우 라인업으로 , 이런 영상미 ost뽑는 스텝으로 이딴 스토리 영화 만들기도 어렵긋다"
"378","스파이더맨: 노 웨이 홈","10","1대.2대 스파이더 마지막 사라지는 장면에서 내 20대 내 30대 인생이 사라지는 느낌이 들드라 ..."
"379","뜨거운 피","7","스토리보다 연기가 좋았어요~"
"380","백야","10","40년가까운세월이 흘럿지만   내젊은시절의 추억과 함께 지금도  기억에 남는 감동적인 영화"
"381","극장판 금빛 모자이크: 땡큐!!","6","ㅋㅋㅋ 유아틱 하네요 ㅋㅋㅋ 고딩이라니 ㅋㅋㅋ"
"382","뜨거운 피","10",""
"383","뜨거운 피","8","간만에 느와르 영화 잘봤어요."
"384","드라큐라 2000","10","저는재밌게봤네요~~드라큐라가 영화300에남주~^^ 멋있음~~~"
"385","플라이트플랜","4","이런걸 영화라고. 어휴, 시간 아까워. 도대체 말이 되냐? 아니 탑승수속할 때 그 많은 사람중에 주인공 딸을 못 봤다는거 부터가 말이 안되고 납치범들의 계획이 말도 안되는 계획인데 그게 통한다고? 보고나니 짜증이 확 올라옴."
"386","뜨거운 피","7","배우분들 연기가 좋ㅈ았습니다."
"387","뜨거운 피","8","기대 만큼은 아니지만 볼만했어요."
"388","레벤느망","8",""
"389","인비저블 게스트","10","오랜만에 잼께본영화.반전은 예상 전혀 못했다."
"390","레벤느망","7","점점 고통 스럽게 느껴진 영화  의사 한마디에(낙태,유산) 인생이 망가질수 있다니…."
"391","터미널","10","모두가 이웃이자 친구인 그곳에서의 짧은 여행"
"392","화이트 칙스","10","진짜보다 유쾌한 가짜들"
"393","샹치와 텐 링즈의 전설","10","반중감정 탓인지 몰겠는데 생각보다 평점 낮아서 놀랐네 개존잼ㅠㅠㅠ 정작 중국에선 양조위 있다고 개봉도 안시켜줬던데ㅋ 그리고 서양에서 만들어진거 치고 그 놈의 오리엔탈리즘이나 무식한 쟈포니즘 이만큼 잘 걸러진것도 놀란 점인듯."
"394","에이 아이","10","우리들의 사랑우리들의 생명우리들의 야만우리들의 하루"
"395","백두산","1","핵폭탄급 노잼. 쿠플로 돈 안주고 봤는데도 시간 아까워서 미치겠음. 개연성 하나도 없고 신파로 덕지덕지. 영상미도 그닥 모르겠음.1점도 아까움."
"396","뜨거운 피","10","배신의 배신 배신의 연속 오랜만에 조폭 미화 영화가 아닌 조폭의 현실을 보여주는 영화라서 좋았습니다."
"397","문폴","5","기대 이하 시나리오가 너무 엉성했고 억지 스럼"
"398","뜨거운 피","10","건달이 사람이 되어가는 과정"
"399","뜨거운 피","7",""
"400","인민을 위해 복무하라","6","연우진님 팬이라 봤어요 여배우님 대사할때 너무 어색해요;;;;"
"401","아저씨","10","성인이 되고 이 영화를 처음 봤는데 이제 봐서 다행이라고 생각합니다 ,, 어릴 때 보면 이만큼 감동은 없었을듯 ㅠㅠ"
"402","돈 룩 업","10","마냥 웃으면서 보기엔 이게 현실이라어딘가의 사는 들러리 중 하나인 나는 웃을 상황이 아님ㅋ"
"403","해적: 도깨비 깃발","2","한호주 연기가... 넘넘 못함... 손예진과는 비교 자체를 할수도 없고...영화 안본눈 삽니다..."
"404","내 이름은 칸","7","이 영화 확실히 메세지가 나타난다."
"405","킹메이커","8","솔직히 어린사람들은 뭔 소린지 뭔 얘긴지 재미없을수도 있을듯 근데 나이대가 맞으면 개꿀잼일듯 근데 영화가 정치만 짜내는게 아니고 그 속에 있는 많을걸 느끼게 해줌"
"406","7호실","4","감독의 전작 “10분”과 비교했을 때 사회적 이슈를 제시하는 것은 비슷하지만, 전체적인 완성도는 현저히 떨어진다. 유머는 그다지 재미가 없고, 소재는 다소 막나가는 것 같아 몰입이 안 된다."
"407","그래비티","10","내가 본 우주소재 영화중에 최고"
"408","황제를 위하여","1","어느하나 만족할수없었던 영화."
"409","이터널스","10","다들 재미 없다는데 난 재미었음"
"410","아저씨","10","원빈에 의한 영화다시 봐도 재밌다"
"411","호빗 : 뜻밖의 여정","8","걍 볼만해요 솔직히 반지의 제왕보단 좀 떨어짐"
"412","웨스트 사이드 스토리","1","영상미는 좋았으나 주인공들에 감정에 전혀 공감할 수 없었다"
"413","아저씨","10","감동적인 영화네요!!"
"414","이터널 선샤인","10","망각을 신의 축복이라고 하지만 슬프고 힘들었던 기억들을 잊고 좋았던 기억들만 남는다고 해서 행복할까? 고통스러웠던 기억들을 잊는다면, 그 고통스러웠던 것을 같은 또는 다른 방식으로 또 다시 경험할 수밖에 없을 것이라 생각된다. 내 머릿속엔 이미 잊혀졌기에, 이를 피할 방법을 모르기에, 결국 그 고통을 또 다시 느낄 수밖에는 없을 것이다. 사랑이란 것도 그럴 것이다. 사랑하는 이에게 상처주었던 기억, 상처를 받았던 기억이 쌓여서 비슷한 상황이 왔을 때, 그 사람에게 상처를 주지 않는 쪽으로, 행복할 수 있도록 방향을 틀 수 있게 될 것이라 생각이 든다. 사랑이든 어떤 것이든 그에 대한 힘든 기억을 피하지 않고 그것들이 쌓이고 쌓이다보면 진정한 행복을 찾을 수 있는 방법을 알 수 있지 않을까."
"415","아저씨","10","시원한 복수가지대로~~~"
"416","그녀, 잉그리드 버그만","10","<카사블랑카>, <오명>, 로셀리니와의 3부작, <가을 소나타>는 언제나 내 마음 속 최고의 영화들에 속할 것이다. 잉그리드 버그만 포에버"
"417","스플릿","10","진짜 감동적이다...ㅜ"
"418","폰조","1","영화가 말하고자 하는 바가 대체 뭔지 모르겠음. 한마디로 고급 포장박스에 담긴 똥이라고 할 수 있겠고 제 평점을 보는 분들이 이영화를 안보았으면 함."
"419","아저씨","10","봐도봐도 재밌네  범죄영화 이만한 스토리  없다 넘사벽명작원빈 존잘 열번을 봐도 안질리는 영화원빈 얼굴만 봐도 재밌노 수트입고 칼휘두르고 총쏘는거 너무 멋지구만"
"420","뜨거운 피","10",""
"421","아저씨","10","수십번  볼때마다  처음본것처럼  ...."
"422","이상한 나라의 수학자","10",""
"423","뜨거운 피","10","진짜 배우들이 연기가 미쳤습니다. 오랜만에 명작 나왔네요"
"424","내안의 그놈","10","유치하지않은 한국판 하이틴영화"
"425","만남의 광장","10","최고의 영화입니다. 아주 재미있네요. 또 보고 싶어요."
"426","암전","10","공포감 긴장감 몰입감 장난아니었고 공포영화중에 손꼽히는 수작이라 생각한다"
"427","리플리","10","연출 연기 스토리 영상미 배우 모든게 완벽하다. (특히 명배우들의 리즈시절을 볼 수있어 좋았고 이태리 시골 해안가를 주로 한 배경과 배우들의 당시 스타일링도 너무 멋졌다.또한 멧데이먼의 연기와 주드로는 디키 그잩체였다., )여하튼 이영화를 보고 느낀점은 부유한 사람들이 누리는 문화와 놀이. 그들이 가진 여유로운 태도. 현대사회에서 많은 젊은사람들은 그러한 인물들을 동경하고 마치 우상화하는 경향을 보인다. 또한 sns를 통해서 그러한 부유한자들의 모습을 흉내내며 본인을 마치 그들과 동일시하며 그들의 여유를 흉내내곤한다. 이러한  빈부격차속에서 현대사회에는 수많은 리플리들이존재한다. 현실에서는 살인을 하지 않지만 스릴러같은 스토리는 없지만 허망한 이마음은 어찌할까,,, ㅜ"
"428","뜨거운 피","10","재밌는데예 리얼루다가"
"429","007 뷰 투 어 킬","10","중학교때 학교에서 단체관람했을땐 정말 재밌게 봤었는데...그땐 왜그렇게 재밌었지... 그 시대임을 감안하며 박수치며 그간 007로 고생한 로저무어에게 경의를.."
"430","뜨거운 피","6","썸녀랑 보러 가지 마십쇼…"
"431","벨파스트","6","좋은 영화지만 명대사에 비해 명장면이 남지는 않는다.우리 가족의 잔잔한 생활로 번지는 외부의 파열음은 50년 전이나 지금이나 마찬가지."
"432","안테벨룸","4","상상력이 훌륭하다고 해야할지 막 만든다고 해야할지"
"433","교실 안의 야크","7","기대보다 만듦새가 훌륭하다"
"434","고스트버스터즈 라이즈","6","추억으로 보기에는 충분"
"435","이상한 나라의 수학자","3","중구난방이라 보기 힘들다"
"436","뜨거운 피","10","진짜 재밌게 봤어요 배우들 연기가 진짜 몰입도 높았어요..!! 기대 별로 안하고 봤는데 좋은 시간이었습니다 다들 사투리 땜에 별점 낮게 주던데 저도 사투리 잘 못알아듣긴 했지만 유추 가능한 대사라 괜찮았어요"
"437","러브 앤 몬스터스","8","가벼우면서도 무거운 느낌도 들고 고개를 젓게 만드는 유치함도 있는 방면 소년만화적인 오그라듬도 있다."
"438","더 배트맨","7","다소 우겨넣긴 했는데 볼만한 영화"
"439","인천상륙작전","4","그냥 죄다애매하고 영화좀본사람 생각있는사람이면 다 알듯 그냥 웃음나옴 영화가 ㅋㅋ중간에쓸데없는로맨스 개국뽕 억지감동 그냥 대환장파티임 미치겠음 ㅋㅋ한국감성 100!!"
"440","맨 인 더 다크 2 ","5","딸이 너무 멍청하고 못생겨서 영화에 집중이 안됨."
"441","문폴","2","기대치가 낮은데도 별로면..."
"442","뜨거운 피","10","최무성 연기짱 넘잘봤어요"
"443","뜨거운 피","7","ost가 멱살캐리했다고나 할까 ㅎㅎ 정우 배우님 연기 참 좋네요 김갑수 배우님은 미스캐스팅 느낌 ㅠㅠ"
"444","그 남자는 타이타닉을 보고 싶지 않았다","7","후반부 전개는 뻔한데, 몰입도는 굉장히 높다"
"445","영웅: 천하의 시작","8","색이 지니는 의미를 알고 보면 감탄이 흘러나올 영화"
"446","노리개: 그녀의 눈물","2","배우들이 연기를 너무 못해서 몰입이 안되요...여자검사는 무슨 70년대 더빙 말투로 얘기하고...남자변호사는 어휴...보는 내내 연기때문에 답답했는데...결론도 답답...고구마 먹은거 같아요..."
"447","임포스터","7","이정도면 요즘허접한 영화들보다 훌륭하다 너무재밌게봤음"
"448","아망떼","6","뻔하지만 볼만한 치정극"
"449","특송","4","1. 국정원 아줌마는 왜나온거?2. 박소담의 정체는?3. 아들은 아빠죽었는데 저런다고?4. 왜 박소담이 애를 위해 목숨까지 걸까?"
"450","레벤느망","7","한 인생을 위해 다른 인생을 꼭 희생시킬 필요 있나"
"451","뜨거운 피","10","그저그런 깡패영화가 아닌 인간의심리와 군상을 보여주는 날것의 감성느와르영화에요!  배우분들의 미친 연기력과 감독님의 남다른 연출력까지bbb 그리고 정우배우님의 마지막씬에 여운이 많이 남네요-"
"452","캐스트 어웨이","10","삶의 원동력에 대해 생각하게 만드는 영화.목표가 있을때 인간이 얼마나 위대해 질 수 있는지 보여준다. 여운이 짙게 남는다."
"453","뱅드림! 팝핀' 드림!","9","...명불허전..."
"454","폭격","10","너무 마음아프네요 어떤 이유에서든 전쟁은 정말 일어나서는 안되는 일이에요 ㅜㅜ 러시아 푸틴이 제발 이 영화를 봤으면 좋겠어요아이들이 얼마나 무서웠을까요 아이잃은 부모들도 너무 힘들게 영화를 봤습니다"
"455","고양이에게 밥을 주지 마세요","1","그저 사회에서 인정받지 못한 구성원이 동물을 매개체로 자존감을 얻어가는 집단인 캣맘을 미화한 영화"
"456","크루엘라","7","와!.. 화면 좋고 연출 좋고 음악 좋고 시원 시원한 영화! 근데 내용이 백설공주 짝퉁이네 ㅜ"
"457","푸른 호수","10","미쳤다 .. 오랜만에 울었습니다 스토리 연기 너무좋아요"
"458","이상한 나라의 수학자","8","역시 최민식님 연기와 오랜만에 자극적이지 않은 따뜻한 영화를 본 느낌"
"459","로스트 걸 & 러브호텔","6","가즈...아(웃음)"
"460","킨: 더 비기닝","6","그냥 볼만함...스토리는 뭐 없음..흑인 잼민이가 암걸리는 짓 딱 한번 한번 해서 암걸리는 장면이 딱 한번 연출되긴 함그거 빼곤 CG도 훌륭하고 볼만함"
"461","결혼 이야기","10","결혼에 대한 최고이자 최악의 이야기"
"462","트와일라잇","10","OO만에 넷플로 다시봄 ㅋㅋ 역시   따봉"
"463","S 중독자의 고백","7","직업이 없는 여자가 인생을 즐기려면 두가지 길만 있다...하나는 결혼...다른 하나는 매춘"
"464","아네트","6","예술적이고 좋은데 지루했다.. 감독님의 다른 작픔들을 봤으면 더 흥미롭게 봤을지 모르겠다"
"465","퍼펙트맨","10","근래봤던 영화중에 제일 재밌었음. 참신한 코미디 너무웃김"
"466","코다","10",""
"467","폰조","2","도통 내용을 모르겠어요 말하고싶은것이 무엇인지 후반부로 가도 잘 팍악이 안되네요 남주만 혼자 막연하게 연기잘하는 카리스마 쩌네요"
"468","블랙 크랩","4","영화 배경설명이 너무 부족한듯... 개연성도 많이 부족하고... 요즘 넷플릭스 영화는 개연성이 많이 부족한거 같음"
"469","더 배트맨","10","내 인생 최고의 배트맨"
"470","한니발","6","뚜껑씬 하나는 정말 인상적"
"471","쓰리 데이즈","8","보는 내내 마누라 짜증남..남편을 안  믿으면 누굴 믿어"
"472","쁘띠 마망","7","이름으로 부르는 엄마"
"473","스파이더맨 3","10","히어로물 시리즈물 안좋아하는데 유일하게 스파이더맨 123는 인정합니다 ㅠㅠ"
"474","종착역","6","아이들의 시선으로.."
"475","스펜서","6","실제 인물인 다이애나가 겪었을 법한 감정의 흐름을 느끼고 왔다기보다 크리스틴 스튜어트의 스타일링과 연기에 더 감탄하고 온 느낌?"
"476","베놈 2: 렛 데어 비 카니지","5","톰 하디만 남는 액션영화"
"477","다함께 여름!","6","그 여름날의 기억들"
"478","듄","8","하나의 세계관을 제대로 구축"
"479","소름","7","재건축을 앞두고 있는 아파트의 소름 돋는 분위기가 인상적이다. 저런 환경에서 제정신으로 사는게 더 어려울 듯 싶다."
"480","나의 히어로 아카데미아 더 무비: 월드 히어로즈 미션","10","진ㅋ자 너무 재밌었음 진심 지금까지 본 애니 극장판중에 탑이었음 스토리가 좀 뻔하긴 한데 이건 뭐 어쩔수 없긴 한 부분인듯 근데 그냥 개재밌었음"
"481","용과 주근깨 공주","1","취향 상당히 많이탈듯합니다저는 매우 비추합니다스토리도 노래도 엉망진창"
"482","버드맨","10","예술, 관심을 찾아가기 위한 뚝심."
"483","선샤인","6","Adagio in D Minor가 나올 때 그만 정신을 잃고 말았습니다"
"484","뜨거운 피","9","저는 책을 먼저 보고 영화를 보았는데 물론 그 내용을 다 담을순 없겠지만, 아쉽네요. 일단 정우 연기 괜찮네요.  그러나 책에도 있고 정우라는 배우에게도 있는 코믹적인 요소를 못끄집어낸 부분이 아쉽습니다. 일단 카메라가 엄청 흔들리네요. 느와르 영화는 불한당 이후 눈이 아주 높아졌어요. 10년전에 개봉했던건 아닐까 생각되는 연출인거같아요. 빛을 이용해 배우들이 선과 악 처럼 대비되는 부분은 좋았습니다.  윤제문이란 대배우 불러서 뭣도 아닌 역할만 준게 조금 아쉬워요. 원작처럼 중요한 포인트가 있었는데 편집하면서 잘렸던 건지.. 초반 등장한 옥사장보다 임팩트가 없음. 아미역할한 친구는 신인답지 않게 잘했어요 다만 원작에선 190에 여포같은 포스였는데.. 완성후에 몇년이 지나 개봉해서 원작을 너무 재밌게 읽어서 기대가 너무 컸었나 봅니다."
"485","쇼생크 탈출","10",""
"486","아저씨","10","처음 봤을땐  너무 잔인해서 두번은 못 보겠다  생각했었는데 오랜만에 보니 진짜 멋있고 재밌는 영화였네"
"487","이상한 나라의 수학자","8","저도 학생이라 공감 가는 부분들이 있었네요 제목에 수학이 들어가서 재미없겠다 생각했는데 꽤 재밌었어요!"
"488","이상한 나라의 수학자","8","일딴 교육방송용Ebs 잘하면 명절에 상영하겠다"
"489","뜨거운 피","10","배우정우님 정통느와르 찐연기역시기대를저버리지않는연기그냥믿고보는배우맞죠~~^^"
"490","체인질링","7","암 유발 정도가 심해질때 너무 빨리 끊기는 게 약간의 흠이었음"
"491","레벤느망","8","""여자만 걸리는 병이었어요. 집에 있는 여자로 만드는 병""여성의 몸 결정권은 오로지 여성 자신에게 있어야 한다."
"492","뜨거운 피","10","너랑 봐서 좋았다. 너랑 처음 본 영화... 평생 기억될..."
"493","투사부일체","10",""
"494","레이니 데이 인 뉴욕","10","우디앨런 특유의 분위기. 저는 너무 재밌게 봤어요~"
"495","성난황소","1","송지효 진심 암덩어리네"
"496","피와 뼈","9","조미료 따위는 없는 그야말로 피비린내 나는 생 살코기"
"497","그 남자는 타이타닉을 보고 싶지 않았다","7","관람이라기보단 체험에 가깝고 사뭇 심각한 주제임에도 유머를 잃지 않는다."
"498","여배우는 오늘도","10","올해 본 최고의 영화 강추!!!!"
"499","스톤","8","바둑판 위에 인생을 그리다.너무 의미를 두지는 말고"
"500","중독","8","영화 중반부를 지날때만해도 왜 제목이 중독일까라고 생각했었다. 결말을 보고 나서는.... 음 그렇구나하고 이병헌의 연기에 또 감동받았다."
"501","이터널스","6","재미를 앞서 너무 많은걸 담으려한다"
"502","뜨거운 피","9","기대 안하고 갔는데 나름 괜찮았어요. 지루한 구간이나 쓸데없이 과도하게 잔인한 장면이 없어서 좋았고. 신파가 나오려다가 도로 들어간 부분에서 다행이었어요(신파극혐). 슬래셔같은 자극을 뺀 담백한 느와르였습니다."
"503","뜨거운 피","5","뜨거운 피는 아니고 미지근한 피 정도? 혈액 순환을 막는 고지혈증같은 연출과 각본"
"504","타짜 전설의 땁","1","이건 아니지 너무했다 타짜니깐 기대했는데"
"505","뜨거운 피","10","개 미쳤습니다 오리지날 느와르 영화"
"506","에어 아메리카","8","와~~ 오래된 영화인데 로버트 다우니 주니어네 1990년도에 개봉했으면 촬영을 1989년도에 했다는건데 24세때 촬영 했다는거네 ㅎㅎ 꽤 젊었을때   젊었을때라 그런지  너무 귀엽네 ㅎ"
"507","극장판 바이올렛 에버가든","10","결말이 깔끔하지만 결혼 하는 거나 할머니 할아버지가 된 길베르트와 바이올렛 나왔으면 더 좋았을 듯"
"508","맨 인 더 다크 2 ","10","보면서 원빈 주연의 영화 ""아저씨""가 생각났음여아역도 소미 닮았네 ㅋ"
"509","살인소설","10","난 너무재미있게봤습니다."
"510","아버지는 산을 움직인다","1","아니 부성애를 그리려면 좀 더 나은 방법이 있지 않나? 극단적인 이기주의에 묻혀 보는 내내 징징거리고 욕심쟁이인 아버지밖엔 없음."
"511","리플리","10","메러디스 너무예쁘구요 다들 역시 연기엄청잘하심"
"512","해바라기","10",""
"513","혼자 사는 사람들","8","별기대안하고 봤는데 잔잔하고 공승연연기 괜찮네요~.. 푹주무시고 낭낭하게 보실준비되셨으면 추천요~~ 여운이남네요"
"514","듄","10","재밌네요 사막 모래가 입에 들어오는 느낌"
"515","이상한 나라의 수학자","10","저는 너무 재밌게 봤습니다.최민식 배우님 연기 내내 감탄하고 봤어요.너무 재밌었고 감동이라 오열했습니다.. ㅎㅎ"
"516","문폴","4","너무 재미없는 영화 개연성 제로에 다들연기는 왤케 못하는지감정이입 하나도 안되고.... 돈이깝 ㅠ"
"517","뜨거운 피","1","2022년에 2~30년 전에서나 봤을법한 쌈마이 영화를 보게 될 줄이야"
"518","머니볼","8","예전에 앞부분 보다가 껐는데다시 끝까지 보니 너무나 재밌는 영화였다과장된 감동이 없었음에도 끝까지 영화를보게 되었다"
"519","뜨거운 피","10","근래 본 영화중 최고였습니다배우들 연기도 대박이예요ㅠㅠㅠㅠ"
"520","뜨거운 피","8","관람권이 난무할 때 예상했어야 했다 ㅠ내용이 산만해 ㅠ"
"521","어거스트 버진","8","스페인 풍경, 분위기, 사람들 구경하기 좋았어요."
"522","알파 독","2","보다 끔 내돈 아까워 짱난다"
"523","드라이브 마이 카","10",""
"524","뜨거운 피","2","진짜 죄송한데 와 진짜 뭘 얘기하고 싶은 건지 살면서 이렇게 재미없는 영화 첨봐요,,"
"525","스파이더맨: 파 프롬 홈","2","짜임새 없는 스토리로 보는 동안 짜증만 나고 지루했음"
"526","옥자","10","존덴버의 애니송 나오는 장면을 가장 좋아함."
"527","어나더 라운드","10","술에 취하고 싶은,  술에 몸을 적시고 싶은 분들에게 추천하는 영화"
"528","아저씨","10","영화보는 내내 지루할 틈 없다 10번은 본 듯! 원빈"
"529","더 배트맨","8","음악과 영상미가 돋보였어요"
"530","프라미싱 영 우먼","10","우연히 추천받아 본 영화인데..마지막 크레딧 올라가는데도 한동안 가슴이 죄어왔다 여주까지 희생되어 충격이었지만 그게 더 현실과 닿아있어 마음이 무거웠던ㅠ 세상 모든 캐시와 니나가 진정한 안식을 얻기를..더이상 캐시와 니나의 아픔이 반복되지 않기를ㅠ"
"531","이상한 나라의 수학자","5","수학은 그저 들러리 뿐 결국 전형적인 즙짜기신파 영화라 이미테이션 게임 같은 걸 기대하고 본다면 실망이 클듯 이럴 거면 굳이 수학자 캐릭터 안 써도 되지 않나 싶은데 아무 의미가 없는데 민식아재도 이제 마동석 김명민 이성민 대열에 합류 하는 건가 요근래 필모가..."
"532","스노우맨","10","평점이 너무 낮네요. 오랜만에 세븐같이 재밌게 봤습니다."
"533","라따뚜이","10","진짜 재밌다 오랜만에 봤는데 볼수록 재밌다오에스티도 le festin여러버전으로 깔리는 거 너무 좋고.. 애정하는 영화된듯 대사도 좋았음"
"534","이상한 나라의 수학자","10","연기도 내용도 좋았다 무겁지 않아서 더 좋았다"
"535","싸움의 기술 2","10","재밋어서 1편,2편 계속봣어요.3편 언제 나오나요.태건우 멋잇어요♡♡"
"536","킹메이커","10","실제 인물을 대입해보는 재미, 그들의 본능과 욕망, 대의라는 심리를 보는 재미. 정치는 기세고 심리다. 그래서 어렵지만, 이 영화는 재미있다."
"537","블라인드 멜로디","10","신선하다ㅋㅋㅋ보길잘했다"
"538","뜨거운 피","10","액션느와르 영화에 갈증 있던 나에게 가뭄의 단비 같은 고마운 영화였고 시간 가는 줄 모르고 봤어요~예전에 정우씨 ""바람"" 영화도 너무 재밌게 봤었는데 또다른 느낌의 날것같은 부산깡패의 느낌^^"
"539","사라진 시간","6","200마무리가 안되고 끝나서 너무 허무하네요!마무리가 깔끔했다면 관객이 지금보다 1배는 늘었을것같은 좋은영화네요!  마무리때문에 망한느낌!"
"540","7호실","10","상당히 재미나게 보았네연기 잘하네"
"541","리코리쉬 피자","8","뭔가 의식의 흐름 같은 영화였고 주인공들은 아주 자유로은 영혼들이었다. 스토리는 시대의 흐름을 담은 것 같아서 좀 뜬금없는 듯하게 느껴진다. 기존 영화와는 확연히 포인트가 달랐고 나쁘지 않았다."
"542","위크엔드 어웨이","2","나만 여주 개답답한가  전개 어이없음 긴장감도 없음"
"543","자산어보","10",""
"544","스펜서","7","스토리는 처음부터 끝까지 다이애나 비의 내면적 고통을 표현한 영화라 지루한 면이 있었지만 이를 감독의 연출과 크리스틴 스튜어트의 연기와 미모가 만회해주었던 영화. 크리스틴 스튜어트 인생작이라고 할만함~!"
"545","뜨거운 피","2","연기는 좋으나 스토리가영...."
"546","뜨거운 피","8","모래 쥐고 있다가 모래가 다 빠져나간 주먹으로 죽빵치는 영화"
"547","돈 룩 업","10","현재 우리가 겪고있는 여러 사회적 문제들을 혜성  충돌이라는 소재를 통해 유쾌하면서도 씁쓸하고 가벼우면서도 무겁게 잘 그려낸 작품이라 생각합니다 이 영화를 추천합니다."
"548","이상한 나라의 수학자","7","허술하고 뻔하고 가볍더라도 가끔은 필요한 감성"
"549","리플리","10","한번쯤 친구지만 높낮이를 느껴봤다면 이 영화 10점을 줄 수 밖에 없다"
"550","뜨거운 피","2","알바진짜 ㅈㄴ많다 알바한테 낚였다나만죽을수없지 꼭 봐라 느와르물 웬만하면 다 좋아하는 나도 욕하면서 나왔다 ㅋㅋㅋ"
"551","믿음의 승부","9","하나님을 만나야 겠다는 생각을 하게 해준 영화.(스트레스를 많이 받으면 탈모가 생긴다는 것을 알게 되었다)^^"
"552","블랙 크랩","2","형편없는 전개, 앞뒤없는 스토리, 이기심이 앞선 주인공의 역활과 연기가 보는내내 짜증만 나게했던 영화"
"553","에이펙스","1","이 감독 삼류 작품마다 전부 브루스 출연했네. 감독한테 뭔가 약점 잡힌듯"
"554","분노의 질주: 더 얼티메이트","7","주인공팀은 불사신.. 화려한 액션도 그것때문에 오버로 보일수도.."
"555","지오스톰","10","기대했던것보다 퀄리티도 좋고 볼만했습니다!"
"556","필스","10","영화에대해 1도모르고 눈으로만볼줄만알거나무슨얘기를 하고있는지 무얼보여주고자  하는지를 모르는 ㄷㅅ들 댓글에 별하나주며 간간이 튀어나오게하는멋진 영화중간중간 2천년대 초반에 유행했던 트랜스가 또 한편으로 너무나.반가운영화"
"557","퐁네프의 연인들","10","문명 한 가운데 가장 원초적인 사랑"
"558","어거스트 버진","8","진정한 자신이 된다는 게 무엇일까. 해답의 실마리는 머뭇거림에서 벗어나 행동하면서부터."
"559","뜨거운 피","7","좋은데중간중간 빠른사투리등으로말이 잘 안들이거나 전달이 안되서아쉬웠음"
"560","만남의 광장","8","다시 봐도 재밌는데 생각보다 평점이 낮네."
"561","이스턴 프라미스","9",""
"562","우리 동네","5","과거사가 좀 복잡하면서도 재미가 없음. 오만석이 범인인거 조금만 조사해보면 나올텐데... 나중가서야 알게되는등 개연성도 부족하고... 여러모로 아쉽다. 각색이 좀 더 이뤄졌어야 함."
"563","유열의 음악앨범","10","6월의 초여름 같은 영화였습니다"
"564","뜨거운 피","4","약간 기대가 컸다."
"565","스파이더맨: 노 웨이 홈","1","이게 왜 평점 9점이냐... 일부러 속이려 하는거냐"
"566","터키쉬 아이스크림","10","----....--"
"567","애덤 프로젝트","8",""
"568","은행강도 대소동","7","재미있는 이탈리아 병맛 코미디. 여주가 엄청 예쁘고 매력적임"
"569","파워 오브 도그","6","연출과 연기는 좋으나 정서적인 공감이 어렵고 특히 재미가없음..."
"570","스파이더맨: 노 웨이 홈","10","역대 시리즈중 최고!!!"
"571","뜨거운 피","10","쓸쓸하고 쓸쓸했다 ㅜㅜ"
"572","해적: 도깨비 깃발","3","킬링타임도 없는… 대사 전달도 잘안되고.. 연기잘하는 조연들이 안쓰러울정도…"
"573","대소비도","10","이거 어디서 보죠? 어렸을적 열번도 넘게본 영화였는데 엄청 잼났었음.. 임지령 *_* 영화보다 주제곡이 더 유명했었던 테이프사서 백만번 돌려들었던 기억이 나네여"
"574","안테벨룸","9","추천합니다. 지금 봤습니다."
"575","뜨거운 피","10","기대없이 딱 깔끔하게 봤어요.재미있습니다. 시간가는줄 모르고 집중해서 봤어요"
"576","더 배트맨","1","배트맨 영화중 젤 잼없었음!!"
"577","우리는 모두 어른이 될 수 없었다","10","내겐 '조제 호랑이''오버더펜스' 이후 최고의 일본로맨스아웃풋.."
"578","버드 박스","4","내용이 너무 없다 메시지를 전달하려  하지만 너무 얄팍하다. 미스테리 지만 아무 내용없는 허무한 미스테리. 연출력은 조금있어 긴장감은 유지하지만 너무 서사없는 긴장감이라 뒷맛이 아주 형편없다. 킬링타임용"
"579","서던 리치: 소멸의 땅","8","약간 이상한 분위기의 모험영화이긴한데.. 은근히 몰입되고 볼만했다..ㅎㅎ"
"580","극장판 금빛 모자이크: 땡큐!!","5","항마력 살짝 필요함... 즐거운 수학여행과 졸업이야기"
"581","문폴","1","중국 자본이 영화계를 망쳐 놓는 현실이 안타깝네요."
"582","가버나움","10","자인의 삶의 무게를 어찌 가늠할 수가 있을까... 마지막 사진 찍으며 웃는 자인 표정에 참았던 눈물이 터져버렸다ㅠㅠ"
"583","씽2게더","6","쏟아져 내리는 노래들에 즐겁고 화려하고 귀여운 영상들이 즐겁다."
"584","공동경비구역 JSA","10",""
"585","이상한 나라의 수학자","9","아름다운 이야기와 큰 위로"
"586","기적","10","최고의 영화 리틀포레스트 다음으로 힐링되는 영화 이런영화가 관람객이 적어서 흥행하지못하는게 아쉽다 이런영화가 많이만들어지면 좋겠다"
"587","해탄적일천","6","시대상을 꼬집는 한 여성의 젊은 날. 오래 전 영화인데도 뽀글머리 빼고는 세련."
"588","이상한 나라의 수학자","1","개연성 없음, 감동 없음 , 전형적인 신파극"
"589","경관의 피","6","폼 나다가 구리게 마무리"
"590","왓치맨","9","마블 같이 유치한게 싫다면 보세요."
"591","옥자","10","____.____."
"592","블랙 크랩","8",""
"593","뜨거운 피","7","9점 이상 평점 다 알바라 생각함 됨. 15년전에나 나올법한 영화. 신선함은 1도 없고, 대사는 거지같이 안들리고."
"594","가장 보통의 연애","10","아주 재미있게 봤습니다. 참고로 전 영화 10분 정도 보고 아니면 바로 접는 사람 입니다."
"595","역으로 가는 길을 알려줘","10","눈물을 달고 본 영화. 강아지를 떠나보낸 적이 있어서 계속 눈물이 났다. 그리고 죽음 그 쓸쓸함에 대하여..."
"596","스펜서","8","크리스틴 스튜어트의 재발견"
"597","세이프 하우스","10","또 봐도 너무 너무 재미있네요 두 주연배우 다 연기 너무 잘해요!!"
"598","블랙라이트","1","요즘 리암니슨 영화 특징 : 보고 나면 별로인데 항상 또 보게 됨 다음 영화 나오면 또 보고 또 욕할듯"
"599","이상한 나라의 수학자","2","소재도 신선하고 연기도 흠잡을것은 없었지만 끝부분에선 한숨이 절로나오네요  스토리 마무리가 너무 별로예요"
"600","안테벨룸","10","최고였습니다 꼭 보세요"
"601","가나의 혼인잔치: 언약","8","예수님의 재림의 대한 새로운 해석과 의미를 전해주는 다큐멘터리"
"602","이상한 나라의 수학자","10",""
"603","뜨거운 피","1","와 진ㅁ짜 노잼 여러분 진짜 보자마세요 ,,, 진짜 둔 개아까움 ㅠㅅㅂ"
"604","뜨거운 피","10","재밌었어요 흥미진진 고민하시면 보세요 신세계느낌남"
"605","에펠","5","워낙 많은 영화를 보다보니 이 영화의 스토리 구성 수준이 많이 낮다는 것을 느꼈다."
"606","이상한 나라의 수학자","10","대사 하나하나가 나에게는 참 공감이었다..그리고 최민식님의 연기는 정말..."
"607","신과함께-인과 연","1","원작의 팬으로서 이 작품은 쓰레기라는 평조차 아까울 조차이다이 좋은 이야기를 그저 cg광고를 위한 포트폴리오로 사용한 덱스터 스튜디오에게는 정말....억지 신파에 공감안되는 개발암 주인공을 적절히 섞은 뒤 전체 배우들의 연기가 발연기로 보일정도에 디테일을 위에 끼얹으면 생기는 괴작OO았다"
"608","굿 보스","5","하비에르 바르뎀 파격적인 연기 외엔 인상적인 점이 없다."
"609","블랙 크랩","10","영화볼때 생각+상상 많이 하는 타입이면 재밌게 볼듯 직접적으로 설명이 많이 나오는게 아니라..난 재밌게 봄"
"610","쇼생크 탈출","10","ㄹㅇ ㄱㅆㅇㅈ...."
"611","이상한 나라의 수학자","6","TV 드라마보다는 감동지수가 많이 더 높아야 되는 거 아닌가?"
"612","쿵푸 허슬","10","진짜 작품성 음악 연출 연기 다완벽함난 25번을보고 오늘또보고 평점적습니다주성치는 천재다"
"613","벨파스트","7","잘 만든 영화이지만 오락성은 없어서 재밌게 보진 않았습니다."
"614","킹덤 오브 헤븐","10","10번 넘게 봤지만 정말 최고의 영화."
"615","스펜서","10","여우주연상 유력이라고 해서 어느정도 잘하겠지하면서 봤는데 소름돋게 잘하네요. 라라랜드의 엠마스톤 처럼 인생작을 만난 크리스틴 스튜어트네요. 연기하나만 봐도 재밌어요."
"616","뜨거운 피","8","주연배우 정우님을 포함해서 베테랑배우들의 연기가 다들 멋지십니다. 잔잔하면서도 기존의 폭력성을 조금 정화를 한듯하네요."
"617","날씨의 아이","10","영화를 거의 10번 넘게 본 것 같은데볼때마다 울면서 봤어요.. 정말.. 인생 영화예요다들 꼭 보시면 좋겠어요재개봉 또 해주세요ㅠㅜㅠ"
"618","드라이빙 미스 데이지","10","꼭한번 볼만한 영화입니다."
"619","게이샤의 추억","7","이색적인 영상미와 교묘하게 흐르는 신경전속에서, 아름답고 강하게 성장해나가는 사유리의 스토리가 영화를 끌고나가지만, 이상하게도 하츠모모의 전과 후의 삶이 더 알고싶어졌던 영화다.공리가 연기를 너무잘했다.  대단한배우."
"620","용의자","10","북괴 식량증산으로 인민들이 잘사는 것을 북괴 개정은 개대중 뇌물현 문재앙은 싫어한당께북괴 개정은은 개대중이가 가따바친 딸라로 핵을 맨들고 뇌물현이가 제공한 딸라 문재앙이가 가따바친 딸라를 더 조와헌당께인민덜 배때지가 불러부리문 개정은 말을 안듣는당께"
"621","문폴","2","여지껏 본 영화 최악 영화 베스트3에 든다..유튜브 보고 영화 만들었나 싶음. 재난 스토리는 2012에서 달라진게 하나도 없다. 스토리 영상 인물들 스토리마저 그대로 복사한 듯. 그나마 달이 떨어진다는 소재가 신선해서 봤지만 갑자기 읭..? 장르 뭐야..? 장난? 유튜브 떠도는 소리 그대로 가져와서 개연성도없고, 설명도 없고.. 정점으로 그놈의 신파까지 더해 진짜 잡탕영화가 완성됨."
"622","버드맨","5","난해한 정신없는 사람이야기라고 보여지는데..아카데미 작품상을 떠나서..그리고 영화속에 그 짧은 단어와 장면은 왜 넣었는가가 의문이네요..그 김치 냄새 라는 단어와 장면이 왜 들어갔는지..영화에서 그 장면이 의아하네요..작가나 감독이 무슨 의도가 있었는지요..특정 나라의 음식에 대한 혐오적인 말을 영화속에서 하는데..이게 무슨 작품상까지 받는건지 이해 안되네요..영화는 관객에게 어떤 메세지와 감동을 전달하는거 아닌가요..저 개인적으로는 그 특정 장면과 말은 혐오적인 사고가 개입된것으로 보여지네요.."
"623","스펜서","9","크리스틴 스튜어트 연기에 빠져들어 보다가영화음악때문에 집중력이 흐트러지는 부조화가 아쉬웠다진짜 연기가 다했어요"
"624","여수 밤바다","10","마지막 두 주인공이 여수밤바다를 걸으며.. 버스커 버스커의 여수밤바다가 울릴때가슴이 뭉클... 눈이 시큰거리더라고요.제 각박 여러 사연을 가직한 사람들의 마음이 여수밤바다에 흘러 흘러...모두 치유받고 회복할수있길..."
"625","이상한 나라의 수학자","10","이거 명작입니다....초반에 좀 루즈하실수있으나 전부 후반을 위한 빌드업입니다"
"626","355","5","너무 흔해 빠진 내용 아지만 유명 배우들의 액션 보는 맛은 조금 있다."
"627","키리시마가 동아리활동 그만둔대","10",""
"628","뜨거운 피","8","잼있어요 너무 잔인하지도 않고 조폭들의 이야기지만 사는게 모두 만만찮죠"
"629","서복","7","인슐린 뽑히는 돼지같은 .... 인간이라니....안타깝다...."
"630","도쿄 리벤저스","10",""
"631","스펜서","10","영상미가 하나같이 너무너무 이뻐서 눈호강하면서 봤어요~!!"
"632","효자","10","처음엔 무슨영화지 궁금해서 봤다가어이가 없어서 실소가 나더니대사 센스에 빵빵 터지다가배우들 연기가 너무 조화로워서 기분 좋다가 점점 현실 같아서 멍때리다가마지막엔 펑펑 울고 말았네요.이런 영화는 계속 만들어졌음 좋겠네요"
"633","더 배트맨","1","10점 준 사람들 신고 좀 해주세요"
"634","더 배트맨","9","중2병 배트맨의 탄생이랄까.."
"635","뜨거운 피","10","저는부산사람인데연출.스토리 배우들 연기며사투리도자연스러웠어요~^^"
"636","힘쎈여자 도봉순","7","박보영 진짜 커엽고 사랑스럽다. 이 드라마 박보영이 다한 드라마"
"637","문폴","2","장르실종..이것저것 다 표현하고 싶어하는 욕심킬링타임용두 안되는 내용"
"638","런닝맨","5",""
"639","극장판 주술회전 0","7",""
"640","뜨거운 피","7","강릉보다는 마무리가 좋음"
"641","뜨거운 피","2","연기력탄탄한 배우들을 봐서 좋았지만스토리가 너무 아쉽고 전개도 아쉽고… 아쉽다 이영화에서 포인트는 주인공인정우가 아니라 택이 아버님"
"642","10일 안에 남자 친구에게 차이는 법","6","작품성이 있는 건 아니지만 그냥 주인공들이 멋있고 예뻐서인지 보고나면 그냥 기분 좋은 ㅋㅋ"
"643","악녀","6",""
"644","미스트","10","자신의 신념을 타인에게 강요하지 말라."
"645","뜨거운 피","10",""
"646","문폴","1","짱 묻은 영화는 예고편에서 인트로부분에 티좀 내라 어차피 짱자본으로 찍는영화 대놓고 티내면 짱국들은 지들 띄워주는거 같으니 좋고 우리는 믿고 거르면 되고 서로 윈윈 아니냐"
"647","이상한 나라의 수학자","10","꼭보세요ㅠㅠ안보면 후회해요ㅠㅜ"
"648","문폴","6","영화는 재밌었음, 근데 스토리가 아쉬웠음.그냥 재난영화를 좋아해서 보러 가는 사람들한텐 놀랄 순 있음.(다른의미로) 초~중반에선 그냥 ""달이 괘도를 벗어나 충돌시킨다라는 설정""으로 스토리는 잘만가다가 후반에서는 대충 ""사실 달은 외계인이 만들었고 우주전쟁이 일어났었다!"" 이런식임그냥 재난영화를 보러온 사람들한텐 당황스럽겠지.그래도 스토리 연결은 잘해줘서 괜찮음(아니 괜찮나? 아 좀 애매함) 암튼 재밌게 봤음."
"649","인민을 위해 복무하라","6","여배우님 연기때문에 공감이안되고 집중이안되네요ㅜㅠ연기 연습 진짜 많이해야할거같아요"
"650","맨 오브 스틸","10","왜 이걸 이제 봤지..?"
"651","방황하는 칼날","10",""
"652","스펜서","10","다이애나의 불안, 분노, 답답함 등등다이애나가 느껴왔던 감정선이 묵직하게 전달되어 보는 내내 저까지 숨이 막혔어요.그만큼 크리스틴의 연기가 압도적이라 말 할 수 있습니다.영화를 보는 내내 들었던 생각은 자유, 새."
"653","초원의 빛","10","여기 형님 누님들 ㅎㅎ 소시적에 영화 좀  봤다는  매니아 선배님들 가득하네..ㅎㅎ"
"654","박수건달","2","초반도입부 차액션 볼거리 끝....  무당장난하냐? 무슨 다알바생이냐  싸게만든영화띵작이구만  싸게싸게 만들면 모를줄아냐? 평점알바생들아"
"655","문폴","4","제목을 인디펜던스데이3라고 해도 믿겠다 에머리히의 자가복제. 심지어 이 감독 영화중 가장 별로였음 후반부 잠들뻔"
"656","프리 가이","6","예나 지금이나 위기상황을 맞닥뜨면 입술박치기가 만병통치약임 ㅋㅋ 영상미는 볼만했다"
"657","스펜서","7","좀 지루했어요 ~~~ 평론가들이 좋아할 스타일~ㅎㅎ"
"658","벨파스트","10","평범하게 그려낸 일상이 너무 아름다워불편한 현실이 더욱 무거웠던 영화."
"659","뜨거운 피","10","현실느와르 연기도좋음"
"660","성실한 나라의 앨리스","10","시나리오도 엄청 참신한데이정현 연기가 일품"
"661","뜨거운 피","5","그냥그렇네요?몰입이안되네요"
"662","아수라","10","다큐멘터리 영화 최고봉..정우성 연기 무엇..개소름??"
"663","더 배트맨","10","누구나 아는 배트맨 이야기 진지함을 과잉하지도 않고 그렇다고 촌스럽지도 않게 잘 만들었다."
"664","뜨거운 피","10","부산사람이라 듣기편했음"
"665","해적: 도깨비 깃발","4","오글거림 유치함이 투머치 1이 훨씬 나음"
"666","뜨거운 피","10","바람 1994 이구역 보고 정우 매력은 익히 알았고, 영화정보1도없이 걍 봤음. 우선 캐스팅이 말 안됨ㅋㅋ 하나하나 장난없음 주연조연전부다. 경상도출신 정우라 불편함없이 자연스럽게 녹아났고 생각보다 무겁고 여운 찐하게 남았다. 연기력 말해뭐함. 마지막 독백?씬 보고 여운땜에 바로 못일어남. 많은 생각을 하게 만드는 영화였다. 가볍지않다."
"667","아르고","10",""
"668","위플래쉬","2","주인공 진짜 죽이고싶었어요 자폐 OO 같음"
"669","라스트 나잇 인 소호","5","글쎄..추천까지 허고 싶을 정도는 아닌듯"
"670","뜨거운 피","10","재밌어요"
"671","더 배트맨","8","코믹스 장면을 보는 듯한 연출이 인상적임 뱃빠로서는 좋앗음 근데 러닝타임 3시간 동안 단 한장면도 루즈하지 않고 한 씬도 빼놓을 수 없다고는 못하겟음 액션씬이 졸렷음..ㅋㅋ..워너가 잭스나 저스티스리그 러닝타임3시간반은 겁나 까놓고 벤애플렉도 쫓아내고 준 더배트맨으로는 불만족"
"672","1917","10",""
"673","싱글라이더","9","아~ 생각지도 못한 반전이 있을줄은.. 울컥 했네요 잔잔하게 흘러가지만 전혀 지루하지 않았고 연기를 너무 잘하다보니 집중해서 잘 봤어요"
"674","주디","9","위 러브 르네 젤위거 ㅋㅋ"
"675","돈 룩 업","8","쿠키영상이 두개 있으니 놓치지 마세요~"
"676","뜨거운 피","4","지루한데 상영시간은 엄청 길고 평소 다큐멘터리 좋아하시는 분은 추천드립니다."
"677","사냥의 시간","1","이건 뭔 전개가 이ㅈㄹ인지 ㅋㅋ 생각하는 정도가 ㄹㅇ 하수급임 ㅋㅋ 뭔 양아치가 영화 쓴것도 아니곸ㅋㅋ"
"678","뜨거운 피","8","위로  올라가든 밑바닥으로 떨어지든 쓸쓸한 결말"
"679","킹메이커","7","대선전 영화라 욕을 많이 먹었을듯"
"680","너의 결혼식","10","사랑은 타이밍이다 ..."
"681","러브 앤 몬스터스","10","애완동물 , 가족 , 아이 , 사랑 , 여행 , 액션 , 모험 , 괴물 까지~^^ 모든게 다있엇던 평범한듯 평범하지 않은 좋은 영화 , 여주 쵴오"
"682","스펜서","8","116분동안 화면을 가득 채우는 인간샤넬 크리스틴스튜어트. 숨막힐듯 위태로운 음악과 아름다운 미장센."
"683","해적: 도깨비 깃발","8","후~~~전혀 어색하지 안아요. 한효주 등. 배우 연기. 아래 감상평 글들. 이해가 안가요.  킬링타임.또는 재밌게 시간 보내고 싶으신분  볼 만해요."
"684","뜨거운 피","5",""
"685","정","10","이 작품을 만들어주신 배창호감독님~항상 건강하시고 행복하세요 ^^좋은 작품 감사합니다"
"686","와니와 준하","10","순정만화같은 영화예요. 다시 보고싶네요...싱그러운 여름의 와니와 준하."
"687","킹 리차드","10","스포츠 영화가 아니다.  가족과 사회, 문화를 모두 담아내는데 깔끔하게 풀어낸다. 장소에 떠라 바뀌는 OST도 만족."
"688","어디갔어, 버나뎃","10","기대했던 것보다 재미있어요.아주 좋아요!"
"689","폭격","10","전쟁의 끔직함을 느끼게 해주었다. 마치 내가 그곳에 있었던 것처럼 안타까웠고, 눈물이 나왔다. 다른 말이 필요없는것 같다. 그냥 전쟁이 없어야 겠다는 생각뿐.영화는 정말 훌륭했다. 몇개의 스토리가 있었으나, 결국은 전쟁으로 인한 피해에 있어서는 모두가 피해자였고, 누구도 그것을 피해가지 못한다. 2차대전 덴마크에서만 저런 일이 있었을까? 625때의 한반도, 월남전때의 베트남, 이라크전, 코소보, 현재의 우크라이나까지.아직 인간의 분쟁이 계속이다. 하나님께서 빨리 연필을 찾으시길 기원한다."
"690","이상한 나라의 수학자","7",""
"691","피그","7","제발 좀 씻었으면...."
"692","뜨거운 피","8","원작을 다 담아내기에는 무리였지만 정우 배우님의 열연만으로도 충분한듯.."
"693","해적: 도깨비 깃발","1","영화관에 갇힌사람이 이해됨"
"694","뜨거운 피","3","댓글 알바들한테 속음.. 보지 마세요"
"695","이상한 나라의 수학자","9","마지막에 보람이도 같이 나왔으면 더 좋았을텐데 ㅠㅠㅠ 그래도 따뜻한 영화"
"696","스펜서","7","스펜서, 새장을 뚫고 나와 민중의 왕세자비가 되다"
"697","토이 스토리 3","10","역시 너무 너무 재밌었어요☆"
"698","톨 걸 2","10","걍 재밌어요 꼭 보세여 남주 너무 귀엽고 사랑스럽고 연기도 잘하네요 ㅠㅠ"
"699","벨파스트","8","감동적인 자전적 이야기의 힘"
"700","웨스트 사이드 스토리","7","완성되지 못한 거장의 숙원.  두 주인공의 미스캐스팅"
"701","뜨거운 피","10",""
"702","사하라","10","이런 영화가 있었군요. 2005년도에 못봤다는게 아쉽지만, 이제라도 봐서 다행입니다. 감사합니다."
"703","뜨거운 피","10","펜션하나 지어서 인숙과 행복한 삶을 꿈꿨던밑바닥 건달 희수의 성장스토리마지막 제일 높은곳까지 올라갔지만 홀로 더없이 외로워 보였던 희수의 뒷모습이 영화 끝나고도 계속 생각나는 날것그대로의 느와르 영화 뜨거운피명품배우들의 구멍없는 연기"
"704","달마야 놀자","10","명작 중에 명작입니다. 21년이 지난 지금 보아도 너무 좋습니다"
"705","뜨거운 피","2","너무 지루하고 재미없었습니다"
"706","킹 리차드","10","자녀들에게 할 수 있다 최고다 말하는 아빠대단!!!"
"707","스펜서","8","감정으로 동화되는 인물의 일대기. 이해하고 나왔지만, 진짜로 이해할수 있을까는 의문이 든다"
"708","사운드 오브 뮤직","10","17년도 이후에 다시 댓글 다는데 좋다"
"709","이상한 나라의 수학자","10","생각보다 너무 재미있었어용 호불호는 좀 갈릴수도,,,,"
"710","뜨거운 피","8","일단 징그럽고 자극적인 장면이 없어서 좋았어요꼭 .. 지방 배경에 남자 배우들 많이 나오면 막  피철철 인데 그런거 없어서 다행이었어요 !!! 정우배우님 너무 좋았어요 ㅠㅠ 연기 너무 잘하셔성 !남편도 좋아햇구요 저는 만족햇어요!"
"711","스펜서","7","초반부는 너무 앞뒤 내용없이 힘들어하는 내용만 담긴게 조금 아쉬움 우리나라에 왕실 문화가 있는것도 아니어서 미리 스토리를 알고 본다면 더더욱 공감이 잘 될듯 합니다. 촬영 세트나 분위기는 훌륭함"
"712","뜨거운 피","10","뜨거운 피는 정통느와르를 대표하는 영화인것 같아요^^정우님이 연기한 날것 그대로의 희수연기가 너무 좋았던것 같아요~다른 배우님들의 연기 케미도 넘넘 좋아서 영화를 보는 동안 몰입해서 본것 같아요~고민하지말고 극장으로 고고고"
"713","더 페이버릿: 여왕의 여자","10","탄탄한 줄거리와 음악 특히 오르간 음악이 너무 좋습니다. 정말 영화같은 영화!"
"714","뜨거운 피","10","걍 재미있더 정말 꼭 추천"
"715","패왕별희 디 오리지널","10","볼 때마다 가슴이 미어져 눈물을 흘린다 더 이상 나올수없는 중국 최대의 역작"
"716","이상한 나라의 수학자","4","믿고 보는 최민식 배우 연기력이 장난아니다..영화 초반에는 좋았는데 후반에 갈수록 클리셰가 느껴진다.."
"717","뜨거운 피","2","연출이  왔다갔다함..초보감독이신듯"
"718","뜨거운 피","1","별로. 추천은 하지 않는다"
"719","스파이더맨: 뉴 유니버스","10","솔직히 나는 마블 스파이더맨 보다 이게 더 재밌었다."
"720","스파이더맨: 노 웨이 홈","5","스토리 개연성이 파괴가 되었고, 팬 서비스 차원에서 만들어진 영화"
"721","극장판 바이올렛 에버가든","10","제가 여러 영화를 봐왔지만 단연코 제일 감동적이였고 여운이 깊은 영화였습니다ㅠ"
"722","벌새","10","아기 벌새는 몰랐다. 어른벌새가 날기위해 1초에 수십번 날개짓을 해야하는 줄은. 아기 벌새가 커가면서 알게되었다. 사는것이란 허공에서 수십번 허우적대며 날개짓해야만 그 자리에 맴돌 수 있음을. 내 주위의 부모와 형제와 친구와 선생님과 병실의 환우 아주머니들까지 수많은 관계와 인연 속에서 작은 벌새는 떠있기위해 힘겨운 날개 짓을 하고 있었다. 작은 벌새는 알았다. 모두가 이렇게 열심히 날개 짓하며 살고있었구나. 조금은 두렵고도 조금은 아프고도 조금은 신기했다. 그렇게 작은 벌새는 조금씩 어른벌새로 성장하고 있다. 그렇게 우리는 어른이 되었다."
"723","당신은 이 글 속에 살아있다","10","첫빠. 안봤지만..기대하며"
"724","달콤한 인생","10","다시봤더니 멜로영화다. 그것도 순수한 순애보영화... 이병헌 연기때문에..."
"725","하늘의 푸르름을 아는 사람이여","1","기대를 안 하고 봐도 재미가 없다. 클리셰를 벗어나려 노력 했지만 그냥 클리셰를 따랐으면.."
"726","결혼 이야기","8","한국정서에 길들여져서인지.. 마지막에 찰리가 la로 오게된건 뭔가 여지를 남긴거 아닌가? 또 다시 사랑하게 되는것도 참 신기함 가능한 일인지.."
"727","문폴","10","재난영화! 특히 지구 파괴(?)영화는 실로 엄청난거 같아요. 거기에 우주까지 더해졌으니! (개인적으로 우주 영화는 영화관에서 봐줘야 한다고 생각합니다. 광활한 우주 풍경은 광활한 화면으로 봐줘야죠. 뭔가 평생 못가볼 그곳을 영화관에서! 심지어 영화관이 어두워서, 살짝쿵 진짜 우주에 있는 느낌도 들죠) 이런 멋진 영상 감사합니다~ 하면서 우주 감상하고 왔어요. 생각도 못했던 땅꺼짐 현상이 실제로 계속 나타난 걸 보면, 문폴도 언젠가 현실이 될 수 있지도 않을까... 영화에서 문폴의 원인(스포방지)이 생각도 못했던 변수였지만요. 정말 다양한 상상력이 한 영화에^^;우주 덕후 ‘KC’가 굉장히 인상적였어요. 전문가보다 더 빠른 관찰력과 판단력의 덕후! 그리고 사람들 구하려는 마음! 그리고 나중에... 개인적으로 행복한 마무~으~리 까지!ㅎㅎ""문폴"" 제목 해석하고, 혼자서 ""이럴것이다""라고 추측한 내용을 벗어난, 어찌보면 내 상상력의 한계를 배신한, 여러 이야기들로 가득한 영화였습니다."
"728","뜨거운 피","2","이게 뭐야? 기본적인 캐릭터도 안잡히고 인물관계도 엉망 연기빼곤 볼것이 없다"
"729","라라랜드","10","왜인지 머리속은 아직 복잡하고 정리가 안되는데..눈물은 계속 계속 흐른다...꿈과 사랑..운명..인생을 생각해보게 하는 영화"
"730","봄날의 곰을 좋아하세요?","7","엉뚱한 여자주인공의 개성있는 연애. 환상과 현실의 차이. 꿈꾸는 사랑은 현실의 소중함을 느끼는데 눈을 가린다."
"731","블랙 크랩","2","그냥 뻔한 결말에 이렇게 흘러가겠네 예상되는 스토리 그냥 킬링타임용 무비"
"732","대부 2","10","그 보기 힘들다는 1편을 뛰어넘는 명작."
"733","뜨거운 피","2","사투리때문에 뭐라하는지 잘 못알아 들었다ㅠㅠㅠ 정우 팬이여서 정우 얼굴하나 보고 만족했다…"
"734","남색대문","10","장시하오 같은 친구가 있다는 게 부럽고 고맙고 마음이 예쁘다"
"735","아워 바디","8","늘 종착지를 정해 달리는 이들에겐 이해하기 힘들고그저 냅다 달리는 이들에겐 감당하기 힘든 영화"
"736","인민을 위해 복무하라","10","현대판 로미와줄리엣 해피엔딩버전 이네요보면서 광광 울었습니다"
"737","더 배트맨","10","이게 진짜 배트맨이지ㅜㅜ 탐정 배트맨!!"
"738","룸","8","그 여경에게 감사의 인사를"
"739","더 배트맨","4","너무 지루하다 진짜.. 어설픈 배트맨탈 쓴 탐정물 ㅌㅌ"
"740","여타짜","2","이거 볼 시간에 수타짜장면 한그릇 먹는게 훨 남"
"741","문폴","10","우주에 관한 여러가지 가설을 흥미진진하게 연출되어 너무 재밌었습니다. 영상미도 너무 좋았고,달에 대한 새로운 시각이 생겨서 더욱 흥미로웠습니다."
"742","뜨거운 피","10","평점보고 망작인가햇는데 재밌게봤네요 정우배우 연기만으로 끝까지 몰입할수있게해줌"
"743","이상한 나라의 수학자","10","수학증명 공부해보고 싶은 생각이들만큼감동적이고 스토리도 넘나재밌음.올만에본영화인데..짱"
"744","파이프라인","1","개 노잼 이딴영화 왜 찍는지 궁굼함"
"745","박하사탕","10","2022년에 봐도 감동이 여전하네요 역시 명작은 괜히 명작이 아니군요. 그리고 설경구씨 저당시 신인이였는데도 불구하고 연기 장난없네요. 오랜만에 영화다운 영화 봤네요~"
"746","나일 강의 죽음","6","뻔하디 뻔한"
"747","더 배트맨","9","로버트 패틴슨 배트맨 그잡채세요..."
"748","레드슈즈","10","대박!! 이거 안보면 후회합니다스토리도 스토리고,연출이 대박이예요!!멀린 완전 내 스타일이야"
"749","이상한 나라의 수학자","10",""
"750","나이트메어 앨리","8","쿠퍼 연기 미쳤어,,"
"751","나의 히어로 아카데미아 더 무비: 월드 히어로즈 미션","10","진짜 갓작 명장 대박작 짱 재밌고 10번 봐도 돈 안 아까움 신캐도 너무 매력있고 액션씬도 대박이고 데쿠는 너무 귀엽고 섹시하고 활약 대박이고 진짜 완전 강추합니다."
"752","블랙 크랩","2","러시아 영화임? 푸틴 귓방맹이"
"753","헨젤과 그레텔 : 마녀 사냥꾼","9","동화를 모티브로 한 너무도 재밌는 판타지액션영화였다..!"
"754","어나더 라운드","8","what a life! 매즈 미켈슨 춤 넘 잘춰서 놀람ㅋㅋㅋ"
"755","스펜서","10","보는내내 숨막히던 영화. 명작"
"756","뜨거운 피","4","배우들 명연기 말고는 실망스러웠습니다 원작에 비하면 각색이 문제였는지 인물들에대한 부분도 많이 부족하고 서울사람한텐 뭐라고하는지 사투리가 알아듣기 어려워서 자막이 필요했습니다..."
"757","킹메이커","9","감독님 다음 작품 넘 기대됨"
"758","플립","10","물 흐르듯이 이어지는 스토리.. 여자아이의 마음이 너무 예뻤다..♡"
"759","블랙 크랩","10","이게 왜 재미 없다는 건지..??쌉지리게 재밌음.. 초반부터 몰입감 최고"
"760","극장판 주술회전 0","10","진짜 넘 감동적이고 2022년 최고의 영화!!ㅠㅠ"
"761","더 플랫폼","10","와 진짜 시간 가는 줄 모르고  봤네요 잔인한 장면도 포함돼 있으나 그만큼 인간의 어두운 욕망을 섬뜩하게 잘 그린 영화"
"762","킹 리차드","6","주인공이 리차드가 아니라 세리나, 비너스였으면 더 공감가고 감동이었을 듯."
"763","해적: 도깨비 깃발","5","어디서 재미를 느껴야 해?"
"764","아르고","10",""
"765","글래디에이터","10","최고의 영화입니다. 명작중에명작!!"
"766","웨스트 사이드 스토리","8","번스타인+손드하임+스필버그ㅠㅠ레너드 번스타인 전기영화 넘 기대되고..."
"767","스펜서","8","다이애나가 겪고 있는 내면의 고통이 잘 느껴진다."
"768","하늘의 푸르름을 아는 사람이여","4","결말이 무슨 흐지부지하게 끝나고 솔직히 ㅈㄴ지루했다.. 기대많이했는데 ㅅㅂ 젠지담원이나볼껄"
"769","글래디에이터","10","초딩때 보고, 중딩때 보고, 대딩때 보고, 30살이 되어 다시 보는데 아직 여윤이 가시지 않는다."
"770","하우스 오브 구찌","8","아담 드라이버는 진짜 믿고 보는 배우"
"771","해탄적일천","8","거장의 데뷔작을 보는 재미"
"772","테러리스트","10","재밌는데 왜.  꼬인 애들 많아. 자격지심인가..."
"773","해적: 도깨비 깃발","4","웃겨야한다는 강박이 만든 2차원적인 유머남발 이 배우들을 데려다 이런 영화를 만드는것도 어려운일"
"774","스펜서","7","왕국 요리사 : 왕세자비 살찌우기 대작전!"
"775","이웃집 토토로","10",""
"776","기쿠지로의 여름","8","초등학생과 츤데레 아저씨의 여행"
"777","스탠 바이 미","9","영화의 내용과 제목이 너무 잘 어울리는 것 같고, 벤 이 킹의 노래도 영화 속에서 들으니 더더욱 좋았습니다. 주변 사람들에게 든든한 버팀목이 되어야 겠다는 동기부여가 되는 작품입니다."
"778","전투왕","10","나쁜 시대를 반복하지 않기 위해 꼭 필요한 기록영화입니다...보는 내내 분노와 슬픔이 뒤섞여  눈물이 났습니다...이상호 기자님 정말 고생많으셨고  존경합니다..건강하셔야 해요~~~"
"779","강남 1970","8","근데 설현 왜이리 촌스럽고 못생기게 나오는 거죠??ㅠ"
"780","뜨거운 피","10","연기자들의 연기에 오랜 감동이 있습니다정우배우는 배우가 맞습니다"
"781","첨밀밀","9","좋은 영화긴 한데 처음부터 소정이란 불쌍한 캐릭터 없이 더 잘 만들수 있었을것 같음"
"782","씽2게더","8","유투에 할시까지 고막 행복"
"783","뜨거운 피","10",""
"784","뜨거운 피","10","와우~배우들 연기력 짱~탄탄한 스토리"
"785","뱅드림! 팝핀' 드림!","10","???: 오우 코코스~"
"786","뜨거운 피","8","정우님 연기 조아요 잘봤습니다"
"787","스펜서","8","두꺼운 새장 속 하늘을 날고자 하는 춤에서 마침내 반짝이는 족쇄를 끊어내기까지."
"788","뜨거운 피","10","네이버 평점보고 기대안했는데정우 최무성 연기 진짜 최고예요 엄청 재밌게 봤어요"
"789","더 배트맨","1","엥.. 너무 지루하고 재미없어요..배트맨 영화에 대해 잘 모르시는 분은 가면 졸아요 저처럼... 아는 분만 가시길.."
"790","뜨거운 피","9","기대보다 재밋었음  영화라서 과장되긴 해도 인생이 담겨있음"
"791","레이니 데이 인 뉴욕","6","비오는 뉴욕 낭만만 남음"
"792","모가디슈","7","군함도 논란에 많이 데여서 그런지 이 정도면 신파도 자제하고 사실대로.."
"793","스펜서","8","좋은 연기와 연출"
"794","더 배트맨","1","정말 스토리도 감동도 아무것도 없습니다 쿠키마저도... 쓸데없는 장면이 많은데 그렇다고 중요한장면이 있는것도 아니고... 연기는 잘했지만 각본 연출 모든게 이하입니다...기대를하고간건아니라 기대이하라고 적기도 애매하네요"
"795","라스트 듀얼: 최후의 결투","7","같은 장면을 3번 보려니 다소 지루.."
"796","더 배트맨","1","정말 당황스러운 영화. 연출, 각본 뭐하나 맞는게 없다."
"797","스파이더맨: 노 웨이 홈","8","삼파이더맨 감동 ㅠㅠ"
"798","이상한 나라의 수학자","2","최민식 아들태도가 정말 이해가안감 ㅋㅋㅋ노골적으로 북한빨아재끼는 영화임 ㅋㅋ"
"799","하우스 오브 구찌","7","재밌는데 너무 길다.. 좀 더 스피디했다면..."
"800","시네마 천국","9","이런게 순수100% 클래식"
"801","레인메이커","10","지금 원서로 읽고있어요ㅎㅎ맷데이먼과 잘어울리는 캐릭터이고 책에서 나타나는 세세한 감정들을 잘 살려서 연기하는모습 감동입니다"
"802","이상한 나라의 수학자","10","연기가 좋았어요. 오그라들지도 않구요."
"803","어나더 라운드","8","적당한 정도의 드라마. 너무 가볍지도 너무 무겁지도 않게"
"804","아사코","6","드라이빙 마이 카를 보고 나서 아사코를 보게 된 때문인지는 모르겠지만 쉽게 아사코와 바쿠 같은 캐릭터가 이질적이게 느껴졌으며 비현실성을 만들어낸 인물들이어서 현실에 있음직한 료헤이가 그들을 마주하기에는 너무 힘겨워 보였다. 어찌보면 스릴러 같기도 했다 바쿠의 손을 잡고 도망가는 그 모습을 보고는. 료헤이처럼 괴로웠다."
"805","뱅드림! 팝핀' 드림!","1","평점 다 알바인듯. 진짜 잼없음. 스토리도 하나도 없고 노래도 그닥.. 최근들어 최악의 영화. 그나마 상영시간 짧아서 끝까지 앉아있었음ㅠㅠ"
"806","듄","6","너무  밋밋하다. 확실히 재미란 측면에선 낮은 점수를 줄수밖에 없는 영화."
"807","특송","6","이런 영화에 야들 나오면 너무 짜증남…하"
"808","뜨거운 피","10","뜨거운피 책으로도 재밌게 읽었고 오랜만에 제대로 정통찐누와르 연기를 보여주신 정우배우님~힘들게 촬영하신 영화인만큼 많은 관객들이 영화관에 들려서 꼭 봤으면 좋겠어요~진짜 연기력은 믿고보는 배우 정우님 역시연기에 감탄했어요~좋은작품 만들어주셔서 감사해요"
"809","에볼루션","1","미국인도 안웃을 아메리칸 조크"
"810","문폴","10","반일 반중감정에 휩쓸려서 영화를 영화로 못보시는 분들께 애도를"
"811","마약왕","2","너무 편향적인 영화...이런 영화를 만든 저의가 의심스럽다."
"812","더 배트맨","9","이게 뭔가 대단하긴 한데 항상 누가 ""그래서? 다크나이트보다 나아?""라고 물어보면 왠지 초라해지는.."
"813","뜨거운 피","9","기대했던거보다 훨씬 재밌었습니다 배우들 연기가 좋았어요"
"814","기적","10","정말 모든배우의 연기가 압권이였지만 이성민 배우님의 연기는 진짜?그리많은 배역의 분량이 많은것도 아닌것에 비해 그의 연기력은대~~~~박"
"815","워리어스 웨이","10","재밌음 아쉬운건 나쁜 놈들이 쓸데없이 악하다는거"
"816","22 블렛","3","엄청 멍청한 마피아두목의 복수극 어떻게 두목은 된건지 모르겠음."
"817","뜨거운 피","10","정우님 최무성님 연기 너무 잘하시네요 너무 재밌게 봤어요"
"818","문폴","10","역시 문폴 선배님 영화를 찢어놓으셨다. 개소리, 쓸데없이 고퀄, 비장한 표정까지 워후~~!"
"819","이상한 나라의 수학자","10",""
"820","워리어스 웨이","10","간만에 현웃터지며 재밌게 본 영화네요 고퀄리티 영상미에 스토리있고 연출 뛰어납니다.피바다에 꽃잎 흩날리는거 너무 감동적이네요 장동건씨 얼굴 명연기 코미디 영화"
"821","워리어스 웨이","1","욕 실컷 하다 보니 힐링이 됨~~ㅋ"
"822","문폴","10","그래서 저 달은 토끼가 지배하고 있다는거죠?"
"823","워리어스 웨이","10","이정도면  액션 멋있고 재밌구만~~ !"
"824","이상한 나라의 수학자","10","최민식이 하는 연기와 주는 감동은 말로 다할 수 없습니다~^^"
"825","뜨거운 피","10","부산 사투리가 주요 언어라 잘 알아듣지 못한게 단점"
"826","스테이션 7","10","영화 속 캐릭터가 아닌 빅토르 멋지다"
"827","이상한 나라의 수학자","10","좋았어요 ..남친이랑 봤는데 이영화를 가족과도 보고싶어서 엄마랑 보러갈려구요.."
"828","이상한 나라의 수학자","8","하도 별로라는 평이 많아서 학생들이랑 보기전에 미리 봤는데 걍 생각없이 보기엔 무난했고. 후반부 스토리가 억지스럽긴 하더라구요. 아들이야기만 뺐으면 차라리 더 자연스러웠을듯요. 최민식님의 명대사가 몇번 나와요. 근데 전반적으로 분위기가 무겁고 전개의 지루함도 있네요."
"829","블랙 크랩","1","ㅈㄴ재미없음..하아…"
"830","이상한 나라의 수학자","5","뻔한 스토리인데도 엉성하고 시간 가는줄 알고봤네요 조금실망"
"831","다크 나이트","10","크리스찬 베일하고 히스레저 연기가 너무나도 완벽하다. DC영화 느낌이 잘 묻어나는 액션 영화. 배트맨과 조커같은 주연에서 명배우들의 연기가 감동적이다.한줄 평 : DC 최고의 걸작 영화."
"832","뜨거운 피","9","꽤 괜찮은부산 땡가는 영화"
"833","그 여름 가장 조용한 바다","10","마치 그 여름을 함께 보낸듯한 잔잔한 파도 같은 영화."
"834","뜨거운 피","10","평점이 이정도밖에 안되는게 이상할정도입니다. 배우분들 연기는 말할것도 없고 스토리도 매끄럽게 잘 연결되는 느낌을 받았어요. 느와르 장르임에도 잔잔하게 흘러가는 느낌이 정말 인상깊었습니다. 개인적으로 다시 볼것같네요."
"835","해적: 도깨비 깃발","4","그냥 만화같은 설정  난잡함..유치"
"836","배트맨 대 슈퍼맨: 저스티스의 시작","7","배트맨 배역이 조금만 젊은 배우였으면"
"837","인턴","10","이 영화를 보면서 지금에 나는 무엇을 하고 있는지되돌아 볼 수 있어 좋았다"
"838","유어 러브 송","2","진짜 내용도 연결이안되고 재미없어요"
"839","뜨거운 피","10","바람에 짱구랑 선배가 커서저런 인생을 살게 된건가?ㅋㅋㅋ암튼 연기 넘 좋았다 진주아빠 연기정우배우 최고"
"840","뜨거운 피","10","느와를 영화를 원래 좋아해서 자주 보는데 오랫만에 마음에 드는 영화를 만난 것 같다. 희수의 이야기에 정우님의 연기가 더해져 더 짠하고 뭉클하고 눈물이 그냥 나왔던 영화...첫 관람을 너무 긴장하며 봐서 더 보고 싶다는 생각이 들었다. 다음 번에는 좀 더 편안하게 정우님의  희수에게 더 몰입하고 싶다."
"841","건축학개론","10","다시 봐도 존잼이다… 말 놓을게 수지야"
"842","뜨거운 피","9","이런류 좋아하기도하고 잼있게봤어요. 출연진들 연기도 다좋았고 긴장감. 스토리 다 괜찮았음."
"843","뜨거운 피","9","이런류 좋아하기도하고 잼있게봤어요. 출연진들 연기도 다좋았고 긴장감. 스토리 다 괜찮았음."
"844","애덤 프로젝트","6","슈퍼 히어로 랜딩!!!!"
"845","미스터 쉐프","1","이건 있어서는 안되는 영화이다. 심사위원석에 있는 할머니가 한복을 입고 있다. 이건 동북공정 영화이다.한복은 자랑스러운 대한민국의 멋진 전통 옷이다.절대 오랑캐의 전통 옷이 아니다."
"846","뜨거운 피","1","대사가 너무 안들림.. 관계 정리 말끔하지 않음"
"847","스펜서","10","연출+연기+스토리+영상미+OST"
"848","뜨거운 피","10","친구 이후에 최고의 느와르 명작 이시국에 개봉해서 안타까움 누구하나 빈틈없는 연기에 박수를 보냄"
"849","문폴","10","완전 재미써요!! CG가 엄청나네요"
"850","더 배트맨","10","놀란 다크나이트보다 더 재밌게 봄"
"851","킹메이커","4","사실과 다른 부분들이 많은 것 같아서 좀 안타깝게 봤습니다. 약간 택시운전x 느낌이랄까... 너무 한쪽으로 편파적으로 만들었네요 영화를. 그렇지만 고증이 철저한 부분도 있더라구요. 서로 통수치도록 이간질 시키는 부분이라던지, 사칭하는 부분(ex.ㅉ), 야한잡지 즐겨보는 모습(더듬ㄷ), 자작극 및 주작과 정작 친일파는 지들이 더 많으면서 상대에게 친일 프레임 등등 저쪽 특유의 특징들은 정확하고 사실적으로 구사했더라구요. 그리고 무엇보다 이선균 배역 미화가 너무 심한 것 같습니다. 결국 설경구 도와준것도 지 공천 위해서였는데 나가리되었고, 반대편에 붙어서 돈 받고 도와준 주제에 정의고 대의고 운운하면서 끝까지 선역인 척 하는 역겨운 모습이 꼭 내로남불이 취미이자 특기인 그쪽의 특성을 고스란히 갖고 있더라구요. 암튼 영화 만드실 때 최소한 좀 중립적으로 만들어주세요. 많이 불편합니다;;"
"852","이상한 나라의 수학자","8","볼만해요. 몇가지 볼게 있었어요."
"853","나는 내일, 어제의 너와 만난다","10","내 인생 최고의 영화….."
"854","뜨거운 피","10","생각없이 봤는데 스토리도 좋고 나름잼있었습니다.액션씬많은거 좋아하시는분은 조금부족할수 있습니다. 간만에 제대로 느와르봤네요."
"855","블랙라이트","4","뻔하디 뻔한 액션+스토리.이제 은퇴의 길로.."
"856","센과 치히로의 행방불명","8","센 ㅜㅜ 니가 고생이 많다 미성년자가 너무 노동을 많이함"
"857","뜨거운 피","8",""
"858","문폴","8",""
"859","이상한 나라의 수학자","10","참 감동 깊고 재미있게 봤음~"
"860","이상한 나라의 수학자","10",""
"861","뜨거운 피","10","완전 대박입니다몇번을 보았지만 진짜루글로표현하기가어려워용인간의 눈높이에서 본 영화중에최고였던것 같아요특히 정우님의 진한 감동적인연기에 보는네네먹먹함이 왔어요아깝지 안아요많이들 보시면 좋아요"
"862","뱅드림! 팝핀' 드림!","10","다같이 키라키라 도키도키 하자!"
"863","이웃사촌","10","조현철씨 연기에 저는 너무나 매력을^^"
"864","실미도","10",".ㅡㅡ.ㅡ.ㅏ.ㅏ."
"865","써스펙트","5","앞으로 숀펜이 감독한 영화는 안 보기로 했슴."
"866","뜨거운 피","10","정우 연기에 눈을 뗄 수가 없었어요~ 연기에 물이 올랐는지 아님 뼈를 깍는 노력인지 모르겠지만 섬세한 표정 연기가 압권이네요"
"867","뜨거운 피","10","와 정우님 연기 진짜 잘하십니다..배우분들연기 실력에 다시한번 놀랩니다"
"868","에펠","6","두마리 토끼를 잡으려다 이도저도 아닌 느낌에펠탑이라는 소재속에. 순애를 녹여낸 로맨스물이라기엔. 감정선 전달이 아쉽고. 다큐적 그림으로 에펠탑의 내용에 집중하자니. 위기와. 해결과정이 용두사미 급으로 후루룩 지나간 느낌 그당시 분위기 재현이나 색감정도로 볼만한 작품 킬링타임으론 가능한거 같다"
"869","베일리 어게인","10","옛날에 키우던 강아지 생각났는데 다시 태어나도 우리집에 오고 싶을까?라는 생각이 들었다. 그리고 마지막베일리의 대사에 인생의 진리가 담겨있다.Be here now"
"870","명당","10","재밌게 봤습니다 감사합니다"
"871","그날의 분위기","9","꽤 재밌음 유연석 잘생김"
"872","웨스트 사이드 스토리","5","배우들이 별로 매력적이지 않네욥ㅠ"
"873","하늘의 푸르름을 아는 사람이여","4","그냥 영상보는맛에 볼만은 한데 오그라드는 연출 플러스 마무리가 흐접해서 별로임"
"874","해리 포터와 마법사의 돌","10","진짜 볼때마다 놀라움.."
"875","이상한 나라의 수학자","10","저희 중학생 아이와 봤는데 너무 재미있었다하네요.  스토리도 좋았고 감동이 있어좋았어요. ."
"876","리디밍 러브","5","그 시대 영상미가 아름다웠다. 여기 까지."
"877","라야와 마지막 드래곤","7","수고하셨어요 영상미가 끝내줬어요 정말 아름답네요 현실보다"
"878","드라이빙 미스 데이지","10","너무 감동적이고 재밌음.찐강추"
"879","더 플랫폼","6","영화를 보고 층간소음이랑 공통점이 있다는 생각. 위층에 사는 인간들의 갑질.."
"880","더 배트맨","10","영화 전반의 분위기와 영상이 너무 좋았다."
"881","김씨 표류기","10","코로나 방구석 무비로 최고b"
"882","이상한 나라의 수학자","5","엄청나게 고퀄인 ebs드라마같아요.."
"883","인민을 위해 복무하라","6","음냐... 좋은 원작을 이렇게까지 못만들 수 있다니"
"884","이상한 나라의 수학자","6",""
"885","뜨거운 피","6",""
"886","이상한 나라의 수학자","6","수학공식처럼 정답이 구해지는 연출   영화는 방정식이 아닌데   그리고겉도는 여주인공"
"887","뜨거운 피","10","연출, 배우들 연기, 음악, 대사 넘 좋았음.평범한 일상이 행복하다는 교훈을 남겨줌."
"888","해적: 도깨비 깃발","10","3도 나왔으면 좋겠어요!"
"889","스파이더맨: 노 웨이 홈","5","이제 악당도 고쳐써야 하는 시대가 왔다!"
"890","뜨거운 피","10","믿고보는 정우배우님의 찐르와르 연기를 볼수있는 영화♡연기파 배우들의 소름돋는 연기가볼맛 나는 영화네요"
"891","데드풀","10","재밌고 재밌고 재밌다!"
"892","치욕의 대지","9",""
"893","춘희막이","9","보는 내내 울할매 생각이 많이났다.쪽진머리에 대쪽같은성격 담배피우는 모습까지도 똑닮은 큰할매~~투닥투닥하면서도 챙기는 모습이 츤데레 같다~넘 좋았다~"
"894","타짜 전설의 땁","1","이것도 영화라고 볼게 없고 내용도 없고"
"895","극장판 주술회전 0","10","짱、、가슴 뻐렁침 ㅜ.ㅜ"
"896","레이니 데이 인 뉴욕","2","여성 캐릭터들은 납작하고 매력없이 묘사됐고 남성 캐릭터들은 예술뽕에 취해서 있어보이는 척만 하고. 본인과 본인이 원하는 여성상을 투영한건지 모르겠는데 이렇게 지루하면서 정신없는 영화는 처음이었다."
"897","벨파스트","10","그 어떤 혼란함과 삭막함 속에서도 영화와 음악과 낭만을, 가족과 사랑과 함께"
"898","고양이들의 아파트","7","단순히  정으로만은 해결될 수  없는 문제들"
"899","문폴","8","평점 기대이상인데 왜이렇게 낮지?이런 재난오락영화의 목적을 충실히 하는 영화 큰 상영관에서 봐야함"
"900","이웃사촌","1","전라도 영화입니다 눈썩을뻔"
"901","스펜서","1","징징대는 모습을 보기가 너무 힘들었어요"
"902","더 배트맨","1","그냥 악당이랑 싸우는걸 3시간 풀어서 쓴 영화 ,, 기억나는건 자동차 씬 하나,,3시간이 너무 지루했음"
"903","뜨거운 피","10",""
"904","뜨거운 피","10","정우는 그냥 연기하려고 태어난 사람....눈빛이 잊혀지지가 않아요ㅠㅠ 무성이아저씨도 대박!!! 그리구 지승현,이홍내 배우분 등등 연기력들이 정말 최고입니다. 느와르 좋아하시는분들 꼭 보세요"
"905","1917","10","비참하고 찬란하다.."
"906","강릉","1","유오성 느와르..그만..보고싶음"
"907","더 배트맨","8","슈퍼히어로 영화로는 별로배트맨 코믹스 팬들에게는 환영"
"908","고질라 VS. 콩","8","영상미가 모든 것을 압도한다. 액션도 좋고 앵글도 좋고. 진짜 잘만들었지만, 마지막 vs ??의 등장은 말도 안된다. 그래서 8점. 그냥 깔끔하게 고질라 vs 콩 이었으면 9점 짜리 영환데 무리수를 왜 둬서.."
"909","다크 플레이스","10","샤를리즈테론과 스릴러래서 봣는데 너무재밌네요 일가족 살인사건의 유일한 생존자.. 알고보니 끔찍한 가족의 뒷이야기까지ㅜㅜ 넘재밌었어요 연기두잘함 역시"
"910","택시운전사","10","재미있고 감동적이고  결말이아쉽네요"
"911","델마와 루이스","10","마지막 장면 멋지네요 인간은 자유를 원하죠"
"912","뜨거운 피","10","다들 연기력 이 .. ㄷㄷ"
"913","불량남녀","10","역시 갓창정  코믹의대가"
"914","뜨거운 피","10","굉장히 재밌게 봤음 평점이 왜 낮은줄 모르겠음 ;; 개인적인 취향 문제이지만 저정도 평점은 아닌듯"
"915","돼지의 왕","10","대박애니 옛날애니인데"
"916","써스펙트","6","은근 호화 캐스팅! 까메오 포함"
"917","미션 임파서블: 로그네이션","10","로그네이션의 추격씬은 21세기에 남을 추격씬일거임 그 어떤 영화보다 속도감잇고 몰입되는 추격씬이엿음. 스토리와 각본 또한 튼튼 미션임파서블중에서 최고가 아닐까 생각됨"
"918","이웃사촌","2","감독은 <1987>을 한 세번쯤 보시고 이런류의  영화를 만드시길... 코메디도 아니고 역사물은 더더구나 아니고 신파?"
"919","스파이더맨: 노 웨이 홈","8","뭔가 이것 저것 막 썼는데 결국 난잡함"
"920","뜨거운 피","9","현실로 시작해서 현실로 끝나는 현실적인 느와르"
"921","리틀 포레스트","10","너무 좋은 영화임 . 계속 좋은영화 만들어주세요~태리 연기도 좋았고  배경 이미지도 좋고   스토리도 좋고 슬프면서도  잼났네요. 양파를  옮겨심기하듯  아빠 고향에  옮겨심긴 마음이 너무좋았음."
"922","리틀 포레스트","10","너무 좋은 영화임 . 계속 좋은영화 만들어주세요~태리 연기도 좋았고  배경 이미지도 좋고   스토리도 좋고 슬프면서도  잼났네요. 양파를  옮겨심기하듯  아빠 고향에  옮겨심긴 마음이 너무좋았음."
"923","나의 히어로 아카데미아 더 무비: 월드 히어로즈 미션","10","그냥최고다...와와와"
"924","뜨거운 피","7","킬링타임용으로재밌어요"
"925","CJ7 - 장강7호","10","주성치는 천재임. 신작 기다립니다."
"926","야쿠자와 가족","10","일본도 영화만들줄 아네?"
"927","82년생 김지영","10","주연배우 공유와 정유미에 이끌려서 봣는데요 역시나 기대감을 저버리지 않앗어요 정말 좋은 영화입니다 ㅎㅎ"
"928","아비정전","8","잊지 못할 오프닝과 1960년 4월 16일 3시."
"929","이상한 나라의 수학자","8","마음이 따스해집니다."
"930","나는 부정한다","7","어빙같은 지식인 골머리들이 어쩌다 한둘이면 모르겠지만 여러명이 출현하여 사회를 뒤흔들때 얼마나 끔찍한 세상이 될는지 생각하기도 싫다..."
"931","뜨거운 피","8",""
"932","해피 투게더","8","사랑을 해서 아픈 걸까. 사랑을 해봐서 아픈 걸까."
"933","하늘의 푸르름을 아는 사람이여","6","꿈 꾸며 살던 나를 잊지 말자!"
"934","리디밍 러브","6","그냥 재밌었다는 말밖에.."
"935","이상한 나라의 수학자","10","내가 27년 살면서 본 영화 중 단연코 최고의 영화였다. 영화보기 전 감상평을 보고 별로겠구나 하고 기대도 안하고 갔는데 보는 내내 마음이 뭉클했고 눈물이 흐른 영화였다. 스토리부터 연기까지 정말 최고였다. 현재 교육세계의 현실을 보여주며 정말 아쉬운 현실을 회피하고 싶어졌고 내가 학생 때 본 교육세계의 현실과 현재 교육세계의 현실이 다를게 없다는 것에 굉장히 실망감을 느끼기도 했다."
"936","코만도","2","미키루크 좃망임. 이제 늙은 뚱땡이에 계속된 성형으로 얼굴이 움직이지도 않네. 느릿느릿... 이런 B급 영화에 시간 낭비 마세요."
"937","해피 어게인","8","누군들 상실에 익숙해질 수가 있겠는가. 그래도 누구 말처럼 웨스가 더 성숙하네요~웨스는 빛나는 별~♡"
"938","문폴","2","ㅆㄹㄱ...B급 중궈 영화못참고 영화 중간에 나와서 평점쓴다"
"939","이터널스","7","마블 세계관에 어떤 영향을 주게 될지??? 응근 지루한 부분이 많다..."
"940","스펜서","8","크리스틴 스튜어트를 다시 보게 한 영화"
"941","낙원의 밤","7","스토리는 볼거 없는데 배우와 대사가 살린 영화"
"942","스파이더맨: 노 웨이 홈","8","엔드게임이후 새로운 이야기의 시작을 알리듯 스파이더맨 시리즈의 정리!!!"
"943","발광하는 현대사","2","참 OO도 예술이네 ㅋㅋ별점 도  하나 아깝다"
"944","뜨거운 피","10","영화시작 맨 앞이 마지막 장면을 위한 것이라니??.."
"945","킹스맨: 퍼스트 에이전트","8","이야기의 완성도, 개연성, 매끄러움은 1, 2보다 좋았다. 7.5의 낮은 평점을 유지하는 데에 이해가 되지 않는다. 아마도, 역사를 킹스맨식으로 재해석해 우습게 꼬집은 점, 부족한 총기액션, 이펙트가 이유인 듯하다. 이 외에는 본래의 B급감성을 잘 살려 지루함은 최소한 줄이고, 이야기에 몰입할 수 있게하였다."
"946","엔칸토: 마법의 세계","10","펑펑 울었네ㅠ ""특별한 능력때문이 아니라 네 존재 자체가 특별한거야.."" ㅠ 이번에 임용고시 2차 망치고 떨어져서 자존감 무너졌었는데 큰 용기를 얻었음. 나는 존재 자체로 특별하다"
"947","뜨거운 피","10","명작오브명작 올해 최고의 영화"
"948","프라미싱 영 우먼","9","우울한 내용 화끈한 결말"
"949","뜨거운 피","10",""
"950","뜨거운 피","1","엔딩 ㅈ11ㄴ 질질 끄네 화장실 갈라했드만"
"951","뜨거운 피","10","김갑수 정우 보러갔습니다역시 멋진 배우 재미있게 잘봤습니다"
"952","더 킹","10","지금 다시보니 어쩜 검사 속성을 이리 정확히 표현했는지 기가차네요무속까지 영화가 아닌 다큐를 보는 듯 합니다정말 국민들이 두눈 똑바로 떠야할텐데 걱정입니다"
"953","뜨거운 피","8","연기력으로 커버한 영화나름 잼있게 봤어여"
"954","내 사랑","10","사랑하기에 양보하고 사랑하기에 닮아가고"
"955","건축학개론","10","공감이 안가서 슬픈영화.."
"956","뜨거운 피","1","진짜 재미 하나도 없고 사투리때메 머라 말하는지 모르겟고 멀 전하는지 모르겟자나요"
"957","파워 오브 도그","10","영화랑 미드등 20대때부터 20년이상 보다보니 이런영화가 요즘 재밌음...근데 감정경험이 적은 20대분들은 지루하게 느낄수 있음 20대비추 감동작이라기보다는 반전작같은데"
"958","더 배트맨","9","너무 길어서 1점 깎았다 너무 길어요 정말 ㅠㅠ"
"959","뜨거운 피","10","연기파 배우들의 열연으로 그간 울궈먹은 지방 건달소재를 제법 뜨겁게 달궈준다"
"960","스파이더맨: 노 웨이 홈","6","뭔가 몰입이 안됨.. 너무 작위적으로 착함을 추구하던 스파이더맨.. 잼민이 같아서 빡칠 때 많았음. 앤드류 가필드만의 어스파4 보고싶다"
"961","뜨거운 피","7","지승현 팬심으로 봤음. 명대사 세상은 잘난놈이 살아남는게 아니라 OOO이 살아남는거."
"962","이웃사촌","10","ㅋㅋ 리뷰왜이럼 ㅋㅋ 보지도 않고 그냥 댓글 반대 누르는 것들이 태반인듯 ㅋㅋㅋ 아직도 저런 사상가지고 있는 꼴통들이 많음"
"963","뜨거운 피","10","최근 본 느와르 중 가장 좋았음 스토리 연기 분위기 모두 좋았음"
"964","동사서독 리덕스","8","저마다 기억과 번뇌를 고백하다. 무협물이 꿈꿀 수 있는 미(美)의 극치."
"965","이웃사촌","10","방구석에서 보는데 생각보다 재밌었음오달수님 나오는게 좀 그랬지만..김병철 정우 조현철 다 좋아하는 배우라서 연기가 좋았습니다:)아예 처음 보는 영화였는데 영화관에서 봐도 돈 안아까웠을 것 같아요"
"966","유체이탈자","9","군데군데 허술한 전개로 살짝 ? 스러운 부분이 있지만 간만에 한국영화 보면서 시간 신경 안쓰고 본 영화임"
"967","내일의 기억","6","뻔한데서 한번 더 꺾어서..6점이예요그리고 좀 신파도있네요..제 취향은 아니예요"
"968","뜨거운 피","10","굳굳 진짜 오랜만에 최고 영화"
"969","레이디스 나잇","10","웃으면서 너무 재밌게 봤어요!!"
"970","돼지의 왕","8","압축성장으로 급산업화된,  '한강의 기적'으로 포장된 한국사회의 비관적이면서도 사실적인 묘사"
"971","이상한 나라의 수학자","10","눈물을 세 번이나 흘렸어요..."
"972","킹메이커","6","현실적인 이야기그러한 이야기"
"973","레벤느망","10","콘돔이 있으나 없으나 달라질게 없다면 무슨 소용인가 . 나 믿지? 나 못믿어? 라는 말을 내뱉어 보고싶은 욕망이 담보로 하는 것. 근 몇년간 뉴스를 장식했던 남자들에게 던지고 싶은 영화."
"974","안테벨룸","8",""
"975","문폴","4","중국머니 너무먹었고 스토리가 어이가없다...ㅋㅋㅋ"
"976","극적인 하룻밤","10","포스터보고지루할줄알았는ㄷㅔ.. 코믹하네요 ㅎ 재밌어요 배우들도연기잘하고 윤계상배우다시봤어요!! 솔직하고과감하고재밌는스토리였어요 기대없이봤는데 웃기고 재밌네요"
"977","문폴","1","그거 위성전화야 아니야. 이것만 딱 말해."
"978","뜨거운 피","10","주인공의 처절한 감정선과 막힘없는 개연성 새로운 하나의 장르처럼 느껴지는 신선함"
"979","뜨거운 피","8","와 느와르 전문 조연 다나오네 ㄷㄷ"
"980","악인전","9","배우들 연기력이 다했다 ㅋㅋㅋㅋ마지막 마동석 웃는거 소름..."
"981","뜨거운 피","8",""
"982","더 배트맨","10","3시간 치고는 안지루하게 재밌게 잘 봤다"
"983","이상한 나라의 수학자","10","잔잔하게 보여주는 시간들이 좋았음"
"984","센과 치히로의 행방불명","10","감히 무슨 평가를 하리. 최고의 애니메이션"
"985","리디밍 러브","10","넘 재밌게 봤어요♡♡♡남주 넘 매력있어요;)"
"986","파워 오브 도그","2","딱 넷플릭스 영화.몰입감은 있는데 재미는 없거나.재미는 있는데 몰입감이 없거나.멀 봤는지 모르는 영화.믿고 거르는 넷플릭스."
"987","완득이","10","유아인 잘생겼다?"
"988","설리: 허드슨강의 기적","10","인생은 타이밍이다. 기장의 대처가 조금이라도 늦었었다면 155명의 생명을 앗아가는 건 한 순간."
"989","이상한 나라의 수학자","10","제목만 아니면 스토리 좋음"
"990","뜨거운 피","10","정우배우님~~리얼한연기.... 역쉬 최고"
"991","스펜서","10","정말 슬프고 아름다운 영화… 그리고 크리스틴 스튜어트 연기 미쳤다"
"992","인턴","8","둘이 그렇게 호텔을가는데..."
"993","뜨거운 피","10","진득하고 뜨겁네 부산이네"
"994","내 여자친구를 소개합니다","10","^^전지현 장혁 차태현 러브스토리"
"995","극장판 주술회전 0","10",""
"996","불한당: 나쁜 놈들의 세상","8","처음 볼 때는 많이 봤던 영화라고 생각해서 별로였는데 다시 보니 내용이 엄첨 꼼꼼하고 상황마다 반전이 있었네."
"997","드라이빙 미스 데이지","10","너무 너무 감동적이예요 마지막에 파이 먹여줄때는..그냥 눈물이 막 나왔어요  정말 좋은 영화입니다!!"
"998","언어의 정원","10","좋다 애니메이션이 이렇게 실사 같을 수가"
"999","뜨거운 피","4","혼영 등산 안민동 짬 봄 참 알찬 하루다"
"1000","더 배트맨","10","우와 너무 재밌어요-! 시간가는줄 몰랐어요"
